file,line,type,commit,author,date,time,timezone,datetime,depth,length
style.css,1,css,52e1c616,Clayton Hammen Tan,2025-04-16,11:03:03,-07:00,2025-04-16T11:03:03-07:00,0,6
style.css,2,css,61a8f792,Clayton Hammen Tan,2025-04-30,13:44:07,-07:00,2025-04-30T13:44:07-07:00,0,26
style.css,3,css,4c2f41ed,Clayton Hammen Tan,2025-04-30,11:16:29,-07:00,2025-04-30T11:16:29-07:00,0,40
style.css,4,css,ad74c905,Clayton Hammen Tan,2025-04-30,10:28:18,-07:00,2025-04-30T10:28:18-07:00,0,24
style.css,5,css,ad74c905,Clayton Hammen Tan,2025-04-30,10:28:18,-07:00,2025-04-30T10:28:18-07:00,0,0
style.css,6,css,ad74c905,Clayton Hammen Tan,2025-04-30,10:28:18,-07:00,2025-04-30T10:28:18-07:00,0,0
style.css,7,css,4c2f41ed,Clayton Hammen Tan,2025-04-30,11:16:29,-07:00,2025-04-30T11:16:29-07:00,0,19
style.css,8,css,ad74c905,Clayton Hammen Tan,2025-04-30,10:28:18,-07:00,2025-04-30T10:28:18-07:00,0,5
style.css,9,css,ad74c905,Clayton Hammen Tan,2025-04-30,10:28:18,-07:00,2025-04-30T10:28:18-07:00,0,24
style.css,10,css,ad74c905,Clayton Hammen Tan,2025-04-30,10:28:18,-07:00,2025-04-30T10:28:18-07:00,0,16
style.css,11,css,ad74c905,Clayton Hammen Tan,2025-04-30,10:28:18,-07:00,2025-04-30T10:28:18-07:00,0,43
style.css,12,css,ad74c905,Clayton Hammen Tan,2025-04-30,10:28:18,-07:00,2025-04-30T10:28:18-07:00,0,14
style.css,13,css,ad74c905,Clayton Hammen Tan,2025-04-30,10:28:18,-07:00,2025-04-30T10:28:18-07:00,0,24
style.css,14,css,ad74c905,Clayton Hammen Tan,2025-04-30,10:28:18,-07:00,2025-04-30T10:28:18-07:00,0,17
style.css,15,css,ad74c905,Clayton Hammen Tan,2025-04-30,10:28:18,-07:00,2025-04-30T10:28:18-07:00,0,0
style.css,16,css,ab20e046,Clayton Hammen Tan,2025-04-30,10:54:11,-07:00,2025-04-30T10:54:11-07:00,0,0
style.css,17,css,ad74c905,Clayton Hammen Tan,2025-04-30,10:28:18,-07:00,2025-04-30T10:28:18-07:00,0,4
style.css,18,css,ad74c905,Clayton Hammen Tan,2025-04-30,10:28:18,-07:00,2025-04-30T10:28:18-07:00,0,15
style.css,19,css,ad74c905,Clayton Hammen Tan,2025-04-30,10:28:18,-07:00,2025-04-30T10:28:18-07:00,0,12
style.css,20,css,ad74c905,Clayton Hammen Tan,2025-04-30,10:28:18,-07:00,2025-04-30T10:28:18-07:00,0,0
style.css,21,css,ad74c905,Clayton Hammen Tan,2025-04-30,10:28:18,-07:00,2025-04-30T10:28:18-07:00,0,0
style.css,22,css,4c2f41ed,Clayton Hammen Tan,2025-04-30,11:16:29,-07:00,2025-04-30T11:16:29-07:00,0,22
style.css,23,css,ad74c905,Clayton Hammen Tan,2025-04-30,10:28:18,-07:00,2025-04-30T10:28:18-07:00,0,4
style.css,24,css,ad74c905,Clayton Hammen Tan,2025-04-30,10:28:18,-07:00,2025-04-30T10:28:18-07:00,0,13
style.css,25,css,ad74c905,Clayton Hammen Tan,2025-04-30,10:28:18,-07:00,2025-04-30T10:28:18-07:00,0,18
style.css,26,css,ad74c905,Clayton Hammen Tan,2025-04-30,10:28:18,-07:00,2025-04-30T10:28:18-07:00,0,44
style.css,27,css,ad74c905,Clayton Hammen Tan,2025-04-30,10:28:18,-07:00,2025-04-30T10:28:18-07:00,0,0
style.css,28,css,ad74c905,Clayton Hammen Tan,2025-04-30,10:28:18,-07:00,2025-04-30T10:28:18-07:00,0,6
style.css,29,css,ad74c905,Clayton Hammen Tan,2025-04-30,10:28:18,-07:00,2025-04-30T10:28:18-07:00,0,7
style.css,30,css,ad74c905,Clayton Hammen Tan,2025-04-30,10:28:18,-07:00,2025-04-30T10:28:18-07:00,0,21
style.css,31,css,ad74c905,Clayton Hammen Tan,2025-04-30,10:28:18,-07:00,2025-04-30T10:28:18-07:00,0,14
style.css,32,css,ad74c905,Clayton Hammen Tan,2025-04-30,10:28:18,-07:00,2025-04-30T10:28:18-07:00,0,18
style.css,33,css,ad74c905,Clayton Hammen Tan,2025-04-30,10:28:18,-07:00,2025-04-30T10:28:18-07:00,0,14
style.css,34,css,ad74c905,Clayton Hammen Tan,2025-04-30,10:28:18,-07:00,2025-04-30T10:28:18-07:00,0,0
style.css,35,css,ad74c905,Clayton Hammen Tan,2025-04-30,10:28:18,-07:00,2025-04-30T10:28:18-07:00,0,14
style.css,36,css,ad74c905,Clayton Hammen Tan,2025-04-30,10:28:18,-07:00,2025-04-30T10:28:18-07:00,0,46
style.css,37,css,ad74c905,Clayton Hammen Tan,2025-04-30,10:28:18,-07:00,2025-04-30T10:28:18-07:00,0,35
style.css,38,css,ad74c905,Clayton Hammen Tan,2025-04-30,10:28:18,-07:00,2025-04-30T10:28:18-07:00,0,0
style.css,39,css,ad74c905,Clayton Hammen Tan,2025-04-30,10:28:18,-07:00,2025-04-30T10:28:18-07:00,0,12
style.css,40,css,ad74c905,Clayton Hammen Tan,2025-04-30,10:28:18,-07:00,2025-04-30T10:28:18-07:00,0,46
style.css,41,css,ad74c905,Clayton Hammen Tan,2025-04-30,10:28:18,-07:00,2025-04-30T10:28:18-07:00,0,70
style.css,42,css,ad74c905,Clayton Hammen Tan,2025-04-30,10:28:18,-07:00,2025-04-30T10:28:18-07:00,0,0
style.css,43,css,ad74c905,Clayton Hammen Tan,2025-04-30,10:28:18,-07:00,2025-04-30T10:28:18-07:00,0,0
style.css,44,css,4c2f41ed,Clayton Hammen Tan,2025-04-30,11:16:29,-07:00,2025-04-30T11:16:29-07:00,0,18
style.css,45,css,ab20e046,Clayton Hammen Tan,2025-04-30,10:54:11,-07:00,2025-04-30T10:54:11-07:00,0,11
style.css,46,css,ad74c905,Clayton Hammen Tan,2025-04-30,10:28:18,-07:00,2025-04-30T10:28:18-07:00,0,11
style.css,47,css,ad74c905,Clayton Hammen Tan,2025-04-30,10:28:18,-07:00,2025-04-30T10:28:18-07:00,0,22
style.css,48,css,ab20e046,Clayton Hammen Tan,2025-04-30,10:54:11,-07:00,2025-04-30T10:54:11-07:00,0,14
style.css,49,css,ab20e046,Clayton Hammen Tan,2025-04-30,10:54:11,-07:00,2025-04-30T10:54:11-07:00,0,15
style.css,50,css,ab20e046,Clayton Hammen Tan,2025-04-30,10:54:11,-07:00,2025-04-30T10:54:11-07:00,0,17
style.css,51,css,ad74c905,Clayton Hammen Tan,2025-04-30,10:28:18,-07:00,2025-04-30T10:28:18-07:00,0,0
style.css,52,css,ad74c905,Clayton Hammen Tan,2025-04-30,10:28:18,-07:00,2025-04-30T10:28:18-07:00,0,0
style.css,53,css,4c2f41ed,Clayton Hammen Tan,2025-04-30,11:16:29,-07:00,2025-04-30T11:16:29-07:00,0,21
style.css,54,css,ad74c905,Clayton Hammen Tan,2025-04-30,10:28:18,-07:00,2025-04-30T10:28:18-07:00,0,10
style.css,55,css,ad74c905,Clayton Hammen Tan,2025-04-30,10:28:18,-07:00,2025-04-30T10:28:18-07:00,0,13
style.css,56,css,bbcacd67,Clayton Hammen Tan,2025-04-30,11:09:25,-07:00,2025-04-30T11:09:25-07:00,0,59
style.css,57,css,ad74c905,Clayton Hammen Tan,2025-04-30,10:28:18,-07:00,2025-04-30T10:28:18-07:00,0,8
style.css,58,css,ad74c905,Clayton Hammen Tan,2025-04-30,10:28:18,-07:00,2025-04-30T10:28:18-07:00,0,0
style.css,59,css,ab20e046,Clayton Hammen Tan,2025-04-30,10:54:11,-07:00,2025-04-30T10:54:11-07:00,0,18
style.css,60,css,ab20e046,Clayton Hammen Tan,2025-04-30,10:54:11,-07:00,2025-04-30T10:54:11-07:00,0,13
style.css,61,css,ab20e046,Clayton Hammen Tan,2025-04-30,10:54:11,-07:00,2025-04-30T10:54:11-07:00,0,27
style.css,62,css,ab20e046,Clayton Hammen Tan,2025-04-30,10:54:11,-07:00,2025-04-30T10:54:11-07:00,0,16
style.css,63,css,ab20e046,Clayton Hammen Tan,2025-04-30,10:54:11,-07:00,2025-04-30T10:54:11-07:00,0,0
style.css,64,css,ab20e046,Clayton Hammen Tan,2025-04-30,10:54:11,-07:00,2025-04-30T10:54:11-07:00,0,21
style.css,65,css,ab20e046,Clayton Hammen Tan,2025-04-30,10:54:11,-07:00,2025-04-30T10:54:11-07:00,0,9
style.css,66,css,ab20e046,Clayton Hammen Tan,2025-04-30,10:54:11,-07:00,2025-04-30T10:54:11-07:00,0,0
style.css,67,css,ad74c905,Clayton Hammen Tan,2025-04-30,10:28:18,-07:00,2025-04-30T10:28:18-07:00,0,0
style.css,68,css,4c2f41ed,Clayton Hammen Tan,2025-04-30,11:16:29,-07:00,2025-04-30T11:16:29-07:00,0,39
style.css,69,css,4c2f41ed,Clayton Hammen Tan,2025-04-30,11:16:29,-07:00,2025-04-30T11:16:29-07:00,0,17
style.css,70,css,4c2f41ed,Clayton Hammen Tan,2025-04-30,11:16:29,-07:00,2025-04-30T11:16:29-07:00,0,13
style.css,71,css,4c2f41ed,Clayton Hammen Tan,2025-04-30,11:16:29,-07:00,2025-04-30T11:16:29-07:00,0,22
style.css,72,css,4c2f41ed,Clayton Hammen Tan,2025-04-30,11:16:29,-07:00,2025-04-30T11:16:29-07:00,0,0
style.css,73,css,4c2f41ed,Clayton Hammen Tan,2025-04-30,11:16:29,-07:00,2025-04-30T11:16:29-07:00,0,14
style.css,74,css,4c2f41ed,Clayton Hammen Tan,2025-04-30,11:16:29,-07:00,2025-04-30T11:16:29-07:00,0,17
style.css,75,css,4c2f41ed,Clayton Hammen Tan,2025-04-30,11:16:29,-07:00,2025-04-30T11:16:29-07:00,0,11
style.css,76,css,4c2f41ed,Clayton Hammen Tan,2025-04-30,11:16:29,-07:00,2025-04-30T11:16:29-07:00,0,31
style.css,77,css,4c2f41ed,Clayton Hammen Tan,2025-04-30,11:16:29,-07:00,2025-04-30T11:16:29-07:00,0,35
style.css,78,css,4c2f41ed,Clayton Hammen Tan,2025-04-30,11:16:29,-07:00,2025-04-30T11:16:29-07:00,0,14
style.css,79,css,4c2f41ed,Clayton Hammen Tan,2025-04-30,11:16:29,-07:00,2025-04-30T11:16:29-07:00,0,0
style.css,80,css,4c2f41ed,Clayton Hammen Tan,2025-04-30,11:16:29,-07:00,2025-04-30T11:16:29-07:00,0,0
style.css,81,css,4c2f41ed,Clayton Hammen Tan,2025-04-30,11:16:29,-07:00,2025-04-30T11:16:29-07:00,0,16
style.css,82,css,4c2f41ed,Clayton Hammen Tan,2025-04-30,11:16:29,-07:00,2025-04-30T11:16:29-07:00,0,3
style.css,83,css,4c2f41ed,Clayton Hammen Tan,2025-04-30,11:16:29,-07:00,2025-04-30T11:16:29-07:00,0,15
style.css,84,css,4c2f41ed,Clayton Hammen Tan,2025-04-30,11:16:29,-07:00,2025-04-30T11:16:29-07:00,0,16
style.css,85,css,4c2f41ed,Clayton Hammen Tan,2025-04-30,11:16:29,-07:00,2025-04-30T11:16:29-07:00,0,0
style.css,86,css,4c2f41ed,Clayton Hammen Tan,2025-04-30,11:16:29,-07:00,2025-04-30T11:16:29-07:00,0,23
style.css,87,css,4c2f41ed,Clayton Hammen Tan,2025-04-30,11:16:29,-07:00,2025-04-30T11:16:29-07:00,0,16
style.css,88,css,4c2f41ed,Clayton Hammen Tan,2025-04-30,11:16:29,-07:00,2025-04-30T11:16:29-07:00,0,18
style.css,89,css,4c2f41ed,Clayton Hammen Tan,2025-04-30,11:16:29,-07:00,2025-04-30T11:16:29-07:00,0,0
style.css,90,css,4c2f41ed,Clayton Hammen Tan,2025-04-30,11:16:29,-07:00,2025-04-30T11:16:29-07:00,0,0
style.css,91,css,4c2f41ed,Clayton Hammen Tan,2025-04-30,11:16:29,-07:00,2025-04-30T11:16:29-07:00,0,26
style.css,92,css,4c2f41ed,Clayton Hammen Tan,2025-04-30,11:16:29,-07:00,2025-04-30T11:16:29-07:00,0,15
style.css,93,css,4c2f41ed,Clayton Hammen Tan,2025-04-30,11:16:29,-07:00,2025-04-30T11:16:29-07:00,0,18
style.css,94,css,4c2f41ed,Clayton Hammen Tan,2025-04-30,11:16:29,-07:00,2025-04-30T11:16:29-07:00,0,20
style.css,95,css,4c2f41ed,Clayton Hammen Tan,2025-04-30,11:16:29,-07:00,2025-04-30T11:16:29-07:00,0,0
style.css,96,css,4c2f41ed,Clayton Hammen Tan,2025-04-30,11:16:29,-07:00,2025-04-30T11:16:29-07:00,0,18
style.css,97,css,4c2f41ed,Clayton Hammen Tan,2025-04-30,11:16:29,-07:00,2025-04-30T11:16:29-07:00,0,16
style.css,98,css,4c2f41ed,Clayton Hammen Tan,2025-04-30,11:16:29,-07:00,2025-04-30T11:16:29-07:00,0,20
style.css,99,css,4c2f41ed,Clayton Hammen Tan,2025-04-30,11:16:29,-07:00,2025-04-30T11:16:29-07:00,0,0
style.css,100,css,4c2f41ed,Clayton Hammen Tan,2025-04-30,11:16:29,-07:00,2025-04-30T11:16:29-07:00,0,16
style.css,101,css,4c2f41ed,Clayton Hammen Tan,2025-04-30,11:16:29,-07:00,2025-04-30T11:16:29-07:00,0,20
style.css,102,css,4c2f41ed,Clayton Hammen Tan,2025-04-30,11:16:29,-07:00,2025-04-30T11:16:29-07:00,0,0
style.css,103,css,4c2f41ed,Clayton Hammen Tan,2025-04-30,11:16:29,-07:00,2025-04-30T11:16:29-07:00,0,19
style.css,104,css,4c2f41ed,Clayton Hammen Tan,2025-04-30,11:16:29,-07:00,2025-04-30T11:16:29-07:00,0,16
style.css,105,css,4c2f41ed,Clayton Hammen Tan,2025-04-30,11:16:29,-07:00,2025-04-30T11:16:29-07:00,0,20
style.css,106,css,4c2f41ed,Clayton Hammen Tan,2025-04-30,11:16:29,-07:00,2025-04-30T11:16:29-07:00,0,0
style.css,107,css,4c2f41ed,Clayton Hammen Tan,2025-04-30,11:16:29,-07:00,2025-04-30T11:16:29-07:00,0,10
style.css,108,css,4c2f41ed,Clayton Hammen Tan,2025-04-30,11:16:29,-07:00,2025-04-30T11:16:29-07:00,0,16
style.css,109,css,4c2f41ed,Clayton Hammen Tan,2025-04-30,11:16:29,-07:00,2025-04-30T11:16:29-07:00,0,18
style.css,110,css,4c2f41ed,Clayton Hammen Tan,2025-04-30,11:16:29,-07:00,2025-04-30T11:16:29-07:00,0,0
style.css,111,css,4c2f41ed,Clayton Hammen Tan,2025-04-30,11:16:29,-07:00,2025-04-30T11:16:29-07:00,0,0
style.css,112,css,4c2f41ed,Clayton Hammen Tan,2025-04-30,11:16:29,-07:00,2025-04-30T11:16:29-07:00,0,26
style.css,113,css,4c2f41ed,Clayton Hammen Tan,2025-04-30,11:16:29,-07:00,2025-04-30T11:16:29-07:00,0,0
style.css,114,css,b8bb5ee1,Clayton Hammen Tan,2025-04-30,10:01:01,-07:00,2025-04-30T10:01:01-07:00,0,19
style.css,115,css,b8bb5ee1,Clayton Hammen Tan,2025-04-30,10:01:01,-07:00,2025-04-30T10:01:01-07:00,0,15
style.css,116,css,b8bb5ee1,Clayton Hammen Tan,2025-04-30,10:01:01,-07:00,2025-04-30T10:01:01-07:00,0,17
style.css,117,css,b8bb5ee1,Clayton Hammen Tan,2025-04-30,10:01:01,-07:00,2025-04-30T10:01:01-07:00,0,17
style.css,118,css,b8bb5ee1,Clayton Hammen Tan,2025-04-30,10:01:01,-07:00,2025-04-30T10:01:01-07:00,0,0
style.css,119,css,4c2f41ed,Clayton Hammen Tan,2025-04-30,11:16:29,-07:00,2025-04-30T11:16:29-07:00,0,0
style.css,120,css,ad74c905,Clayton Hammen Tan,2025-04-30,10:28:18,-07:00,2025-04-30T10:28:18-07:00,0,17
style.css,121,css,ad74c905,Clayton Hammen Tan,2025-04-30,10:28:18,-07:00,2025-04-30T10:28:18-07:00,0,13
style.css,122,css,ad74c905,Clayton Hammen Tan,2025-04-30,10:28:18,-07:00,2025-04-30T10:28:18-07:00,0,23
style.css,123,css,ad74c905,Clayton Hammen Tan,2025-04-30,10:28:18,-07:00,2025-04-30T10:28:18-07:00,0,8
style.css,124,css,ad74c905,Clayton Hammen Tan,2025-04-30,10:28:18,-07:00,2025-04-30T10:28:18-07:00,0,17
style.css,125,css,ad74c905,Clayton Hammen Tan,2025-04-30,10:28:18,-07:00,2025-04-30T10:28:18-07:00,0,0
style.css,126,css,4c2f41ed,Clayton Hammen Tan,2025-04-30,11:16:29,-07:00,2025-04-30T11:16:29-07:00,0,0
style.css,127,css,ad74c905,Clayton Hammen Tan,2025-04-30,10:28:18,-07:00,2025-04-30T10:28:18-07:00,0,8
style.css,128,css,ad74c905,Clayton Hammen Tan,2025-04-30,10:28:18,-07:00,2025-04-30T10:28:18-07:00,0,13
style.css,129,css,cd266f96,Clayton Hammen Tan,2025-04-30,10:41:34,-07:00,2025-04-30T10:41:34-07:00,0,11
style.css,130,css,bbcacd67,Clayton Hammen Tan,2025-04-30,11:09:25,-07:00,2025-04-30T11:09:25-07:00,0,58
style.css,131,css,ad74c905,Clayton Hammen Tan,2025-04-30,10:28:18,-07:00,2025-04-30T10:28:18-07:00,0,8
style.css,132,css,ad74c905,Clayton Hammen Tan,2025-04-30,10:28:18,-07:00,2025-04-30T10:28:18-07:00,0,16
style.css,133,css,ad74c905,Clayton Hammen Tan,2025-04-30,10:28:18,-07:00,2025-04-30T10:28:18-07:00,0,9
style.css,134,css,4c2f41ed,Clayton Hammen Tan,2025-04-30,11:16:29,-07:00,2025-04-30T11:16:29-07:00,0,12
style.css,135,css,4c2f41ed,Clayton Hammen Tan,2025-04-30,11:16:29,-07:00,2025-04-30T11:16:29-07:00,0,37
style.css,136,css,4c2f41ed,Clayton Hammen Tan,2025-04-30,11:16:29,-07:00,2025-04-30T11:16:29-07:00,0,20
style.css,137,css,4c2f41ed,Clayton Hammen Tan,2025-04-30,11:16:29,-07:00,2025-04-30T11:16:29-07:00,0,18
style.css,138,css,ad74c905,Clayton Hammen Tan,2025-04-30,10:28:18,-07:00,2025-04-30T10:28:18-07:00,0,0
style.css,139,css,4c2f41ed,Clayton Hammen Tan,2025-04-30,11:16:29,-07:00,2025-04-30T11:16:29-07:00,0,0
style.css,140,css,ad74c905,Clayton Hammen Tan,2025-04-30,10:28:18,-07:00,2025-04-30T10:28:18-07:00,0,11
style.css,141,css,ad74c905,Clayton Hammen Tan,2025-04-30,10:28:18,-07:00,2025-04-30T10:28:18-07:00,0,13
style.css,142,css,ad74c905,Clayton Hammen Tan,2025-04-30,10:28:18,-07:00,2025-04-30T10:28:18-07:00,0,19
style.css,143,css,ad74c905,Clayton Hammen Tan,2025-04-30,10:28:18,-07:00,2025-04-30T10:28:18-07:00,0,10
style.css,144,css,4c2f41ed,Clayton Hammen Tan,2025-04-30,11:16:29,-07:00,2025-04-30T11:16:29-07:00,0,15
style.css,145,css,ad74c905,Clayton Hammen Tan,2025-04-30,10:28:18,-07:00,2025-04-30T10:28:18-07:00,0,0
style.css,146,css,4c2f41ed,Clayton Hammen Tan,2025-04-30,11:16:29,-07:00,2025-04-30T11:16:29-07:00,0,0
style.css,147,css,ad74c905,Clayton Hammen Tan,2025-04-30,10:28:18,-07:00,2025-04-30T10:28:18-07:00,0,16
style.css,148,css,ad74c905,Clayton Hammen Tan,2025-04-30,10:28:18,-07:00,2025-04-30T10:28:18-07:00,0,10
style.css,149,css,ad74c905,Clayton Hammen Tan,2025-04-30,10:28:18,-07:00,2025-04-30T10:28:18-07:00,0,15
style.css,150,css,ad74c905,Clayton Hammen Tan,2025-04-30,10:28:18,-07:00,2025-04-30T10:28:18-07:00,0,24
style.css,151,css,ad74c905,Clayton Hammen Tan,2025-04-30,10:28:18,-07:00,2025-04-30T10:28:18-07:00,0,20
style.css,152,css,ad74c905,Clayton Hammen Tan,2025-04-30,10:28:18,-07:00,2025-04-30T10:28:18-07:00,0,21
style.css,153,css,ad74c905,Clayton Hammen Tan,2025-04-30,10:28:18,-07:00,2025-04-30T10:28:18-07:00,0,0
style.css,154,css,ad74c905,Clayton Hammen Tan,2025-04-30,10:28:18,-07:00,2025-04-30T10:28:18-07:00,0,0
style.css,155,css,0f35c466,Clayton Hammen Tan,2025-04-30,11:55:48,-07:00,2025-04-30T11:55:48-07:00,0,32
style.css,156,css,19abc3bb,Clayton Hammen Tan,2025-04-30,10:37:35,-07:00,2025-04-30T10:37:35-07:00,0,52
style.css,157,css,19abc3bb,Clayton Hammen Tan,2025-04-30,10:37:35,-07:00,2025-04-30T10:37:35-07:00,0,12
style.css,158,css,19abc3bb,Clayton Hammen Tan,2025-04-30,10:37:35,-07:00,2025-04-30T10:37:35-07:00,0,0
style.css,159,css,4c2f41ed,Clayton Hammen Tan,2025-04-30,11:16:29,-07:00,2025-04-30T11:16:29-07:00,0,0
style.css,160,css,0f35c466,Clayton Hammen Tan,2025-04-30,11:55:48,-07:00,2025-04-30T11:55:48-07:00,0,32
style.css,161,css,19abc3bb,Clayton Hammen Tan,2025-04-30,10:37:35,-07:00,2025-04-30T10:37:35-07:00,0,24
style.css,162,css,7c3ae74b,Clayton Hammen Tan,2025-04-30,11:24:27,-07:00,2025-04-30T11:24:27-07:00,0,15
style.css,163,css,0f35c466,Clayton Hammen Tan,2025-04-30,11:55:48,-07:00,2025-04-30T11:55:48-07:00,0,25
style.css,164,css,4c2f41ed,Clayton Hammen Tan,2025-04-30,11:16:29,-07:00,2025-04-30T11:16:29-07:00,0,0
style.css,165,css,4c2f41ed,Clayton Hammen Tan,2025-04-30,11:16:29,-07:00,2025-04-30T11:16:29-07:00,0,0
style.css,166,css,0f35c466,Clayton Hammen Tan,2025-04-30,11:55:48,-07:00,2025-04-30T11:55:48-07:00,0,32
style.css,167,css,4c2f41ed,Clayton Hammen Tan,2025-04-30,11:16:29,-07:00,2025-04-30T11:16:29-07:00,0,33
style.css,168,css,61a8f792,Clayton Hammen Tan,2025-04-30,13:44:07,-07:00,2025-04-30T13:44:07-07:00,0,42
style.css,169,css,7c3ae74b,Clayton Hammen Tan,2025-04-30,11:24:27,-07:00,2025-04-30T11:24:27-07:00,0,29
style.css,170,css,7c3ae74b,Clayton Hammen Tan,2025-04-30,11:24:27,-07:00,2025-04-30T11:24:27-07:00,0,0
style.css,171,css,7c3ae74b,Clayton Hammen Tan,2025-04-30,11:24:27,-07:00,2025-04-30T11:24:27-07:00,0,0
style.css,172,css,0f35c466,Clayton Hammen Tan,2025-04-30,11:55:48,-07:00,2025-04-30T11:55:48-07:00,0,32
style.css,173,css,3765980f,Clayton Hammen Tan,2025-04-30,11:34:04,-07:00,2025-04-30T11:34:04-07:00,0,11
style.css,174,css,3765980f,Clayton Hammen Tan,2025-04-30,11:34:04,-07:00,2025-04-30T11:34:04-07:00,0,15
style.css,175,css,3765980f,Clayton Hammen Tan,2025-04-30,11:34:04,-07:00,2025-04-30T11:34:04-07:00,0,0
style.css,176,css,3765980f,Clayton Hammen Tan,2025-04-30,11:34:04,-07:00,2025-04-30T11:34:04-07:00,0,0
style.css,177,css,0f35c466,Clayton Hammen Tan,2025-04-30,11:55:48,-07:00,2025-04-30T11:55:48-07:00,0,41
style.css,178,css,4c2f41ed,Clayton Hammen Tan,2025-04-30,11:16:29,-07:00,2025-04-30T11:16:29-07:00,0,28
style.css,179,css,61a8f792,Clayton Hammen Tan,2025-04-30,13:44:07,-07:00,2025-04-30T13:44:07-07:00,0,42
style.css,180,css,7c3ae74b,Clayton Hammen Tan,2025-04-30,11:24:27,-07:00,2025-04-30T11:24:27-07:00,0,35
style.css,181,css,0f35c466,Clayton Hammen Tan,2025-04-30,11:55:48,-07:00,2025-04-30T11:55:48-07:00,0,0
index.js,1,js,e5c499cb,Clayton Hammen Tan,2025-04-22,22:07:28,-07:00,2025-04-22T22:07:28-07:00,0,72
index.js,2,js,76d25dab,Clayton Hammen Tan,2025-04-22,17:24:40,-07:00,2025-04-22T17:24:40-07:00,0,0
index.js,3,js,76d25dab,Clayton Hammen Tan,2025-04-22,17:24:40,-07:00,2025-04-22T17:24:40-07:00,0,13
index.js,4,js,3a508d13,Clayton Hammen Tan,2025-04-22,22:13:56,-07:00,2025-04-22T22:13:56-07:00,0,23
index.js,5,js,e5c499cb,Clayton Hammen Tan,2025-04-22,22:07:28,-07:00,2025-04-22T22:07:28-07:00,0,55
index.js,6,js,76d25dab,Clayton Hammen Tan,2025-04-22,17:24:40,-07:00,2025-04-22T17:24:40-07:00,0,0
index.js,7,js,3a508d13,Clayton Hammen Tan,2025-04-22,22:13:56,-07:00,2025-04-22T22:13:56-07:00,0,46
index.js,8,js,e5c499cb,Clayton Hammen Tan,2025-04-22,22:07:28,-07:00,2025-04-22T22:07:28-07:00,0,43
index.js,9,js,76d25dab,Clayton Hammen Tan,2025-04-22,17:24:40,-07:00,2025-04-22T17:24:40-07:00,0,0
index.js,10,js,3a508d13,Clayton Hammen Tan,2025-04-22,22:13:56,-07:00,2025-04-22T22:13:56-07:00,0,45
index.js,11,js,e5c499cb,Clayton Hammen Tan,2025-04-22,22:07:28,-07:00,2025-04-22T22:07:28-07:00,0,61
index.js,12,js,e5c499cb,Clayton Hammen Tan,2025-04-22,22:07:28,-07:00,2025-04-22T22:07:28-07:00,0,24
index.js,13,js,3a508d13,Clayton Hammen Tan,2025-04-22,22:13:56,-07:00,2025-04-22T22:13:56-07:00,0,61
index.js,14,js,e5c499cb,Clayton Hammen Tan,2025-04-22,22:07:28,-07:00,2025-04-22T22:07:28-07:00,0,6
index.js,15,js,3a508d13,Clayton Hammen Tan,2025-04-22,22:13:56,-07:00,2025-04-22T22:13:56-07:00,0,0
index.js,16,js,e5c499cb,Clayton Hammen Tan,2025-04-22,22:07:28,-07:00,2025-04-22T22:07:28-07:00,0,55
index.js,17,js,e5c499cb,Clayton Hammen Tan,2025-04-22,22:07:28,-07:00,2025-04-22T22:07:28-07:00,0,0
index.js,18,js,3a508d13,Clayton Hammen Tan,2025-04-22,22:13:56,-07:00,2025-04-22T22:13:56-07:00,0,48
index.js,19,js,3a508d13,Clayton Hammen Tan,2025-04-22,22:13:56,-07:00,2025-04-22T22:13:56-07:00,0,85
index.js,20,js,e5c499cb,Clayton Hammen Tan,2025-04-22,22:07:28,-07:00,2025-04-22T22:07:28-07:00,0,47
index.js,21,js,e5c499cb,Clayton Hammen Tan,2025-04-22,22:07:28,-07:00,2025-04-22T22:07:28-07:00,0,0
index.js,22,js,3a508d13,Clayton Hammen Tan,2025-04-22,22:13:56,-07:00,2025-04-22T22:13:56-07:00,0,44
index.js,23,js,e5c499cb,Clayton Hammen Tan,2025-04-22,22:07:28,-07:00,2025-04-22T22:07:28-07:00,0,61
index.js,24,js,e5c499cb,Clayton Hammen Tan,2025-04-22,22:07:28,-07:00,2025-04-22T22:07:28-07:00,0,18
index.js,25,js,e5c499cb,Clayton Hammen Tan,2025-04-22,22:07:28,-07:00,2025-04-22T22:07:28-07:00,0,25
index.js,26,js,e5c499cb,Clayton Hammen Tan,2025-04-22,22:07:28,-07:00,2025-04-22T22:07:28-07:00,0,10
index.js,27,js,e5c499cb,Clayton Hammen Tan,2025-04-22,22:07:28,-07:00,2025-04-22T22:07:28-07:00,0,13
index.js,28,js,e5c499cb,Clayton Hammen Tan,2025-04-22,22:07:28,-07:00,2025-04-22T22:07:28-07:00,0,37
index.js,29,js,e5c499cb,Clayton Hammen Tan,2025-04-22,22:07:28,-07:00,2025-04-22T22:07:28-07:00,0,16
index.js,30,js,e5c499cb,Clayton Hammen Tan,2025-04-22,22:07:28,-07:00,2025-04-22T22:07:28-07:00,0,1
index.js,31,js,e5c499cb,Clayton Hammen Tan,2025-04-22,22:07:28,-07:00,2025-04-22T22:07:28-07:00,0,59
index.js,32,js,e5c499cb,Clayton Hammen Tan,2025-04-22,22:07:28,-07:00,2025-04-22T22:07:28-07:00,0,54
index.js,33,js,e5c499cb,Clayton Hammen Tan,2025-04-22,22:07:28,-07:00,2025-04-22T22:07:28-07:00,0,59
index.js,34,js,e5c499cb,Clayton Hammen Tan,2025-04-22,22:07:28,-07:00,2025-04-22T22:07:28-07:00,0,54
index.js,35,js,e5c499cb,Clayton Hammen Tan,2025-04-22,22:07:28,-07:00,2025-04-22T22:07:28-07:00,0,56
index.js,36,js,e5c499cb,Clayton Hammen Tan,2025-04-22,22:07:28,-07:00,2025-04-22T22:07:28-07:00,0,51
index.js,37,js,e5c499cb,Clayton Hammen Tan,2025-04-22,22:07:28,-07:00,2025-04-22T22:07:28-07:00,0,56
index.js,38,js,e5c499cb,Clayton Hammen Tan,2025-04-22,22:07:28,-07:00,2025-04-22T22:07:28-07:00,0,51
index.js,39,js,e5c499cb,Clayton Hammen Tan,2025-04-22,22:07:28,-07:00,2025-04-22T22:07:28-07:00,0,4
index.js,40,js,3a508d13,Clayton Hammen Tan,2025-04-22,22:13:56,-07:00,2025-04-22T22:13:56-07:00,0,1
index.js,41,js,3a508d13,Clayton Hammen Tan,2025-04-22,22:13:56,-07:00,2025-04-22T22:13:56-07:00,0,0
index.js,42,js,3a508d13,Clayton Hammen Tan,2025-04-22,22:13:56,-07:00,2025-04-22T22:13:56-07:00,0,4
index.html,1,html,4228de69,Clayton Hammen Tan,2025-04-02,20:59:56,+02:00,2025-04-02T20:59:56+02:00,0,14
index.html,2,html,4228de69,Clayton Hammen Tan,2025-04-02,20:59:56,+02:00,2025-04-02T20:59:56+02:00,0,15
index.html,3,html,4228de69,Clayton Hammen Tan,2025-04-02,20:59:56,+02:00,2025-04-02T20:59:56+02:00,0,5
index.html,4,html,4228de69,Clayton Hammen Tan,2025-04-02,20:59:56,+02:00,2025-04-02T20:59:56+02:00,0,21
index.html,5,html,e5c499cb,Clayton Hammen Tan,2025-04-22,22:07:28,-07:00,2025-04-22T22:07:28-07:00,0,67
index.html,6,html,4228de69,Clayton Hammen Tan,2025-04-02,20:59:56,+02:00,2025-04-02T20:59:56+02:00,0,61
index.html,7,html,93e373e7,Clayton Hammen Tan,2025-04-02,21:39:31,+02:00,2025-04-02T21:39:31+02:00,0,39
index.html,8,html,4228de69,Clayton Hammen Tan,2025-04-02,20:59:56,+02:00,2025-04-02T20:59:56+02:00,0,6
index.html,9,html,4228de69,Clayton Hammen Tan,2025-04-02,20:59:56,+02:00,2025-04-02T20:59:56+02:00,0,5
index.html,10,html,4228de69,Clayton Hammen Tan,2025-04-02,20:59:56,+02:00,2025-04-02T20:59:56+02:00,0,26
index.html,11,html,4228de69,Clayton Hammen Tan,2025-04-02,20:59:56,+02:00,2025-04-02T20:59:56+02:00,0,2
index.html,12,html,4228de69,Clayton Hammen Tan,2025-04-02,20:59:56,+02:00,2025-04-02T20:59:56+02:00,0,82
index.html,13,html,e5c499cb,Clayton Hammen Tan,2025-04-22,22:07:28,-07:00,2025-04-22T22:07:28-07:00,0,3
index.html,14,html,e5c499cb,Clayton Hammen Tan,2025-04-22,22:07:28,-07:00,2025-04-22T22:07:28-07:00,0,113
index.html,15,html,e5c499cb,Clayton Hammen Tan,2025-04-22,22:07:28,-07:00,2025-04-22T22:07:28-07:00,0,25
index.html,16,html,e5c499cb,Clayton Hammen Tan,2025-04-22,22:07:28,-07:00,2025-04-22T22:07:28-07:00,0,27
index.html,17,html,e5c499cb,Clayton Hammen Tan,2025-04-22,22:07:28,-07:00,2025-04-22T22:07:28-07:00,0,30
index.html,18,html,e5c499cb,Clayton Hammen Tan,2025-04-22,22:07:28,-07:00,2025-04-22T22:07:28-07:00,0,29
index.html,19,html,76d25dab,Clayton Hammen Tan,2025-04-22,17:24:40,-07:00,2025-04-22T17:24:40-07:00,0,46
index.html,20,html,76d25dab,Clayton Hammen Tan,2025-04-22,17:24:40,-07:00,2025-04-22T17:24:40-07:00,0,51
index.html,21,html,4228de69,Clayton Hammen Tan,2025-04-02,20:59:56,+02:00,2025-04-02T20:59:56+02:00,0,6
index.html,22,html,4228de69,Clayton Hammen Tan,2025-04-02,20:59:56,+02:00,2025-04-02T20:59:56+02:00,0,6
global.js,1,js,77fc86d5,Clayton Hammen Tan,2025-04-16,11:19:31,-07:00,2025-04-16T11:19:31-07:00,0,11
global.js,2,js,ca7777aa,Clayton Hammen Tan,2025-04-16,10:44:53,-07:00,2025-04-16T10:44:53-07:00,0,0
global.js,3,js,77fc86d5,Clayton Hammen Tan,2025-04-16,11:19:31,-07:00,2025-04-16T11:19:31-07:00,0,37
global.js,4,js,77fc86d5,Clayton Hammen Tan,2025-04-16,11:19:31,-07:00,2025-04-16T11:19:31-07:00,0,26
global.js,5,js,ca7777aa,Clayton Hammen Tan,2025-04-16,10:44:53,-07:00,2025-04-16T10:44:53-07:00,0,42
global.js,6,js,77fc86d5,Clayton Hammen Tan,2025-04-16,11:19:31,-07:00,2025-04-16T11:19:31-07:00,0,67
global.js,7,js,ca7777aa,Clayton Hammen Tan,2025-04-16,10:44:53,-07:00,2025-04-16T10:44:53-07:00,0,0
global.js,8,js,ca7777aa,Clayton Hammen Tan,2025-04-16,10:44:53,-07:00,2025-04-16T10:44:53-07:00,0,0
global.js,9,js,77fc86d5,Clayton Hammen Tan,2025-04-16,11:19:31,-07:00,2025-04-16T11:19:31-07:00,0,59
global.js,10,js,77fc86d5,Clayton Hammen Tan,2025-04-16,11:19:31,-07:00,2025-04-16T11:19:31-07:00,0,35
global.js,11,js,ca7777aa,Clayton Hammen Tan,2025-04-16,10:44:53,-07:00,2025-04-16T10:44:53-07:00,0,0
global.js,12,js,77fc86d5,Clayton Hammen Tan,2025-04-16,11:19:31,-07:00,2025-04-16T11:19:31-07:00,0,40
global.js,13,js,77fc86d5,Clayton Hammen Tan,2025-04-16,11:19:31,-07:00,2025-04-16T11:19:31-07:00,0,16
global.js,14,js,77fc86d5,Clayton Hammen Tan,2025-04-16,11:19:31,-07:00,2025-04-16T11:19:31-07:00,0,71
global.js,15,js,77fc86d5,Clayton Hammen Tan,2025-04-16,11:19:31,-07:00,2025-04-16T11:19:31-07:00,0,4
global.js,16,js,77fc86d5,Clayton Hammen Tan,2025-04-16,11:19:31,-07:00,2025-04-16T11:19:31-07:00,0,15
global.js,17,js,ca7777aa,Clayton Hammen Tan,2025-04-16,10:44:53,-07:00,2025-04-16T10:44:53-07:00,0,0
global.js,18,js,77fc86d5,Clayton Hammen Tan,2025-04-16,11:19:31,-07:00,2025-04-16T11:19:31-07:00,0,68
global.js,19,js,73c48dd4,Clayton Hammen Tan,2025-04-16,10:55:42,-07:00,2025-04-16T10:55:42-07:00,0,14
global.js,20,js,77fc86d5,Clayton Hammen Tan,2025-04-16,11:19:31,-07:00,2025-04-16T11:19:31-07:00,0,42
global.js,21,js,77fc86d5,Clayton Hammen Tan,2025-04-16,11:19:31,-07:00,2025-04-16T11:19:31-07:00,0,43
global.js,22,js,77fc86d5,Clayton Hammen Tan,2025-04-16,11:19:31,-07:00,2025-04-16T11:19:31-07:00,0,43
global.js,23,js,77fc86d5,Clayton Hammen Tan,2025-04-16,11:19:31,-07:00,2025-04-16T11:19:31-07:00,0,43
global.js,24,js,001f765e,Clayton Hammen Tan,2025-05-09,10:50:27,-07:00,2025-05-09T10:50:27-07:00,0,43
global.js,25,js,77fc86d5,Clayton Hammen Tan,2025-04-16,11:19:31,-07:00,2025-04-16T11:19:31-07:00,0,52
global.js,26,js,73c48dd4,Clayton Hammen Tan,2025-04-16,10:55:42,-07:00,2025-04-16T10:55:42-07:00,0,1
global.js,27,js,ca7777aa,Clayton Hammen Tan,2025-04-16,10:44:53,-07:00,2025-04-16T10:44:53-07:00,0,0
global.js,28,js,77fc86d5,Clayton Hammen Tan,2025-04-16,11:19:31,-07:00,2025-04-16T11:19:31-07:00,0,29
global.js,29,js,77fc86d5,Clayton Hammen Tan,2025-04-16,11:19:31,-07:00,2025-04-16T11:19:31-07:00,0,41
global.js,30,js,ca7777aa,Clayton Hammen Tan,2025-04-16,10:44:53,-07:00,2025-04-16T10:44:53-07:00,0,26
global.js,31,js,73c48dd4,Clayton Hammen Tan,2025-04-16,10:55:42,-07:00,2025-04-16T10:55:42-07:00,0,0
global.js,32,js,77fc86d5,Clayton Hammen Tan,2025-04-16,11:19:31,-07:00,2025-04-16T11:19:31-07:00,0,24
global.js,33,js,77fc86d5,Clayton Hammen Tan,2025-04-16,11:19:31,-07:00,2025-04-16T11:19:31-07:00,0,36
global.js,34,js,77fc86d5,Clayton Hammen Tan,2025-04-16,11:19:31,-07:00,2025-04-16T11:19:31-07:00,0,59
global.js,35,js,77fc86d5,Clayton Hammen Tan,2025-04-16,11:19:31,-07:00,2025-04-16T11:19:31-07:00,0,37
global.js,36,js,73c48dd4,Clayton Hammen Tan,2025-04-16,10:55:42,-07:00,2025-04-16T10:55:42-07:00,0,13
global.js,37,js,73c48dd4,Clayton Hammen Tan,2025-04-16,10:55:42,-07:00,2025-04-16T10:55:42-07:00,0,21
global.js,38,js,73c48dd4,Clayton Hammen Tan,2025-04-16,10:55:42,-07:00,2025-04-16T10:55:42-07:00,0,0
global.js,39,js,77fc86d5,Clayton Hammen Tan,2025-04-16,11:19:31,-07:00,2025-04-16T11:19:31-07:00,0,28
global.js,40,js,73c48dd4,Clayton Hammen Tan,2025-04-16,10:55:42,-07:00,2025-04-16T10:55:42-07:00,0,66
global.js,41,js,77fc86d5,Clayton Hammen Tan,2025-04-16,11:19:31,-07:00,2025-04-16T11:19:31-07:00,0,26
global.js,42,js,73c48dd4,Clayton Hammen Tan,2025-04-16,10:55:42,-07:00,2025-04-16T10:55:42-07:00,0,0
global.js,43,js,73c48dd4,Clayton Hammen Tan,2025-04-16,10:55:42,-07:00,2025-04-16T10:55:42-07:00,0,0
global.js,44,js,77fc86d5,Clayton Hammen Tan,2025-04-16,11:19:31,-07:00,2025-04-16T11:19:31-07:00,0,34
global.js,45,js,73c48dd4,Clayton Hammen Tan,2025-04-16,10:55:42,-07:00,2025-04-16T10:55:42-07:00,0,30
global.js,46,js,73c48dd4,Clayton Hammen Tan,2025-04-16,10:55:42,-07:00,2025-04-16T10:55:42-07:00,0,19
global.js,47,js,73c48dd4,Clayton Hammen Tan,2025-04-16,10:55:42,-07:00,2025-04-16T10:55:42-07:00,0,0
global.js,48,js,73c48dd4,Clayton Hammen Tan,2025-04-16,10:55:42,-07:00,2025-04-16T10:55:42-07:00,0,0
global.js,49,js,73c48dd4,Clayton Hammen Tan,2025-04-16,10:55:42,-07:00,2025-04-16T10:55:42-07:00,0,13
global.js,50,js,ca7777aa,Clayton Hammen Tan,2025-04-16,10:44:53,-07:00,2025-04-16T10:44:53-07:00,0,0
global.js,51,js,ca7777aa,Clayton Hammen Tan,2025-04-16,10:44:53,-07:00,2025-04-16T10:44:53-07:00,0,0
global.js,52,js,77fc86d5,Clayton Hammen Tan,2025-04-16,11:19:31,-07:00,2025-04-16T11:19:31-07:00,0,59
global.js,53,js,77fc86d5,Clayton Hammen Tan,2025-04-16,11:19:31,-07:00,2025-04-16T11:19:31-07:00,0,26
global.js,54,js,73c48dd4,Clayton Hammen Tan,2025-04-16,10:55:42,-07:00,2025-04-16T10:55:42-07:00,0,0
global.js,55,js,77fc86d5,Clayton Hammen Tan,2025-04-16,11:19:31,-07:00,2025-04-16T11:19:31-07:00,0,26
global.js,56,js,77fc86d5,Clayton Hammen Tan,2025-04-16,11:19:31,-07:00,2025-04-16T11:19:31-07:00,0,32
global.js,57,js,77fc86d5,Clayton Hammen Tan,2025-04-16,11:19:31,-07:00,2025-04-16T11:19:31-07:00,0,23
global.js,58,js,77fc86d5,Clayton Hammen Tan,2025-04-16,11:19:31,-07:00,2025-04-16T11:19:31-07:00,0,61
global.js,59,js,77fc86d5,Clayton Hammen Tan,2025-04-16,11:19:31,-07:00,2025-04-16T11:19:31-07:00,0,72
global.js,60,js,77fc86d5,Clayton Hammen Tan,2025-04-16,11:19:31,-07:00,2025-04-16T11:19:31-07:00,0,7
global.js,61,js,77fc86d5,Clayton Hammen Tan,2025-04-16,11:19:31,-07:00,2025-04-16T11:19:31-07:00,0,66
global.js,62,js,73c48dd4,Clayton Hammen Tan,2025-04-16,10:55:42,-07:00,2025-04-16T10:55:42-07:00,0,0
global.js,63,js,77fc86d5,Clayton Hammen Tan,2025-04-16,11:19:31,-07:00,2025-04-16T11:19:31-07:00,0,0
global.js,64,js,73c48dd4,Clayton Hammen Tan,2025-04-16,10:55:42,-07:00,2025-04-16T10:55:42-07:00,0,0
global.js,65,js,77fc86d5,Clayton Hammen Tan,2025-04-16,11:19:31,-07:00,2025-04-16T11:19:31-07:00,0,39
global.js,66,js,77fc86d5,Clayton Hammen Tan,2025-04-16,11:19:31,-07:00,2025-04-16T11:19:31-07:00,0,32
global.js,67,js,77fc86d5,Clayton Hammen Tan,2025-04-16,11:19:31,-07:00,2025-04-16T11:19:31-07:00,0,12
global.js,68,js,77fc86d5,Clayton Hammen Tan,2025-04-16,11:19:31,-07:00,2025-04-16T11:19:31-07:00,0,0
global.js,69,js,77fc86d5,Clayton Hammen Tan,2025-04-16,11:19:31,-07:00,2025-04-16T11:19:31-07:00,0,34
global.js,70,js,77fc86d5,Clayton Hammen Tan,2025-04-16,11:19:31,-07:00,2025-04-16T11:19:31-07:00,0,18
global.js,71,js,77fc86d5,Clayton Hammen Tan,2025-04-16,11:19:31,-07:00,2025-04-16T11:19:31-07:00,0,9
global.js,72,js,77fc86d5,Clayton Hammen Tan,2025-04-16,11:19:31,-07:00,2025-04-16T11:19:31-07:00,0,11
global.js,73,js,77fc86d5,Clayton Hammen Tan,2025-04-16,11:19:31,-07:00,2025-04-16T11:19:31-07:00,0,17
global.js,74,js,77fc86d5,Clayton Hammen Tan,2025-04-16,11:19:31,-07:00,2025-04-16T11:19:31-07:00,0,1
global.js,75,js,77fc86d5,Clayton Hammen Tan,2025-04-16,11:19:31,-07:00,2025-04-16T11:19:31-07:00,0,5
global.js,76,js,77fc86d5,Clayton Hammen Tan,2025-04-16,11:19:31,-07:00,2025-04-16T11:19:31-07:00,0,25
global.js,77,js,77fc86d5,Clayton Hammen Tan,2025-04-16,11:19:31,-07:00,2025-04-16T11:19:31-07:00,0,38
global.js,78,js,77fc86d5,Clayton Hammen Tan,2025-04-16,11:19:31,-07:00,2025-04-16T11:19:31-07:00,0,35
global.js,79,js,77fc86d5,Clayton Hammen Tan,2025-04-16,11:19:31,-07:00,2025-04-16T11:19:31-07:00,0,33
global.js,80,js,77fc86d5,Clayton Hammen Tan,2025-04-16,11:19:31,-07:00,2025-04-16T11:19:31-07:00,0,8
global.js,81,js,77fc86d5,Clayton Hammen Tan,2025-04-16,11:19:31,-07:00,2025-04-16T11:19:31-07:00,0,7
global.js,82,js,77fc86d5,Clayton Hammen Tan,2025-04-16,11:19:31,-07:00,2025-04-16T11:19:31-07:00,0,0
global.js,83,js,77fc86d5,Clayton Hammen Tan,2025-04-16,11:19:31,-07:00,2025-04-16T11:19:31-07:00,0,1
global.js,84,js,73c48dd4,Clayton Hammen Tan,2025-04-16,10:55:42,-07:00,2025-04-16T10:55:42-07:00,0,0
global.js,85,js,77fc86d5,Clayton Hammen Tan,2025-04-16,11:19:31,-07:00,2025-04-16T11:19:31-07:00,0,37
global.js,86,js,77fc86d5,Clayton Hammen Tan,2025-04-16,11:19:31,-07:00,2025-04-16T11:19:31-07:00,0,59
global.js,87,js,77fc86d5,Clayton Hammen Tan,2025-04-16,11:19:31,-07:00,2025-04-16T11:19:31-07:00,0,17
global.js,88,js,77fc86d5,Clayton Hammen Tan,2025-04-16,11:19:31,-07:00,2025-04-16T11:19:31-07:00,0,43
global.js,89,js,77fc86d5,Clayton Hammen Tan,2025-04-16,11:19:31,-07:00,2025-04-16T11:19:31-07:00,0,50
global.js,90,js,77fc86d5,Clayton Hammen Tan,2025-04-16,11:19:31,-07:00,2025-04-16T11:19:31-07:00,0,36
global.js,91,js,77fc86d5,Clayton Hammen Tan,2025-04-16,11:19:31,-07:00,2025-04-16T11:19:31-07:00,0,33
global.js,92,js,77fc86d5,Clayton Hammen Tan,2025-04-16,11:19:31,-07:00,2025-04-16T11:19:31-07:00,0,0
global.js,93,js,77fc86d5,Clayton Hammen Tan,2025-04-16,11:19:31,-07:00,2025-04-16T11:19:31-07:00,0,45
global.js,94,js,77fc86d5,Clayton Hammen Tan,2025-04-16,11:19:31,-07:00,2025-04-16T11:19:31-07:00,0,29
global.js,95,js,77fc86d5,Clayton Hammen Tan,2025-04-16,11:19:31,-07:00,2025-04-16T11:19:31-07:00,0,22
global.js,96,js,77fc86d5,Clayton Hammen Tan,2025-04-16,11:19:31,-07:00,2025-04-16T11:19:31-07:00,0,43
global.js,97,js,77fc86d5,Clayton Hammen Tan,2025-04-16,11:19:31,-07:00,2025-04-16T11:19:31-07:00,0,2
global.js,98,js,77fc86d5,Clayton Hammen Tan,2025-04-16,11:19:31,-07:00,2025-04-16T11:19:31-07:00,0,0
global.js,99,js,77fc86d5,Clayton Hammen Tan,2025-04-16,11:19:31,-07:00,2025-04-16T11:19:31-07:00,0,0
global.js,100,js,77fc86d5,Clayton Hammen Tan,2025-04-16,11:19:31,-07:00,2025-04-16T11:19:31-07:00,0,59
global.js,101,js,77fc86d5,Clayton Hammen Tan,2025-04-16,11:19:31,-07:00,2025-04-16T11:19:31-07:00,0,38
global.js,102,js,77fc86d5,Clayton Hammen Tan,2025-04-16,11:19:31,-07:00,2025-04-16T11:19:31-07:00,0,0
global.js,103,js,77fc86d5,Clayton Hammen Tan,2025-04-16,11:19:31,-07:00,2025-04-16T11:19:31-07:00,0,43
global.js,104,js,77fc86d5,Clayton Hammen Tan,2025-04-16,11:19:31,-07:00,2025-04-16T11:19:31-07:00,0,10
global.js,105,js,77fc86d5,Clayton Hammen Tan,2025-04-16,11:19:31,-07:00,2025-04-16T11:19:31-07:00,0,43
global.js,106,js,77fc86d5,Clayton Hammen Tan,2025-04-16,11:19:31,-07:00,2025-04-16T11:19:31-07:00,0,22
global.js,107,js,77fc86d5,Clayton Hammen Tan,2025-04-16,11:19:31,-07:00,2025-04-16T11:19:31-07:00,0,31
global.js,108,js,77fc86d5,Clayton Hammen Tan,2025-04-16,11:19:31,-07:00,2025-04-16T11:19:31-07:00,0,57
global.js,109,js,77fc86d5,Clayton Hammen Tan,2025-04-16,11:19:31,-07:00,2025-04-16T11:19:31-07:00,0,17
global.js,110,js,77fc86d5,Clayton Hammen Tan,2025-04-16,11:19:31,-07:00,2025-04-16T11:19:31-07:00,0,0
global.js,111,js,77fc86d5,Clayton Hammen Tan,2025-04-16,11:19:31,-07:00,2025-04-16T11:19:31-07:00,0,44
global.js,112,js,77fc86d5,Clayton Hammen Tan,2025-04-16,11:19:31,-07:00,2025-04-16T11:19:31-07:00,0,11
global.js,113,js,77fc86d5,Clayton Hammen Tan,2025-04-16,11:19:31,-07:00,2025-04-16T11:19:31-07:00,0,57
global.js,114,js,77fc86d5,Clayton Hammen Tan,2025-04-16,11:19:31,-07:00,2025-04-16T11:19:31-07:00,0,1
global.js,115,js,77fc86d5,Clayton Hammen Tan,2025-04-16,11:19:31,-07:00,2025-04-16T11:19:31-07:00,0,0
global.js,116,js,77fc86d5,Clayton Hammen Tan,2025-04-16,11:19:31,-07:00,2025-04-16T11:19:31-07:00,0,19
global.js,117,js,77fc86d5,Clayton Hammen Tan,2025-04-16,11:19:31,-07:00,2025-04-16T11:19:31-07:00,0,32
global.js,118,js,77fc86d5,Clayton Hammen Tan,2025-04-16,11:19:31,-07:00,2025-04-16T11:19:31-07:00,0,0
global.js,119,js,77fc86d5,Clayton Hammen Tan,2025-04-16,11:19:31,-07:00,2025-04-16T11:19:31-07:00,0,0
global.js,120,js,77fc86d5,Clayton Hammen Tan,2025-04-16,11:19:31,-07:00,2025-04-16T11:19:31-07:00,0,57
global.js,121,js,77fc86d5,Clayton Hammen Tan,2025-04-16,11:19:31,-07:00,2025-04-16T11:19:31-07:00,0,22
global.js,122,js,77fc86d5,Clayton Hammen Tan,2025-04-16,11:19:31,-07:00,2025-04-16T11:19:31-07:00,0,2
global.js,123,js,77fc86d5,Clayton Hammen Tan,2025-04-16,11:19:31,-07:00,2025-04-16T11:19:31-07:00,0,0
global.js,124,js,788c46b6,Clayton Hammen Tan,2025-04-22,17:02:28,-07:00,2025-04-22T17:02:28-07:00,0,0
global.js,125,js,788c46b6,Clayton Hammen Tan,2025-04-22,17:02:28,-07:00,2025-04-22T17:02:28-07:00,0,37
global.js,126,js,788c46b6,Clayton Hammen Tan,2025-04-22,17:02:28,-07:00,2025-04-22T17:02:28-07:00,0,4
global.js,127,js,788c46b6,Clayton Hammen Tan,2025-04-22,17:02:28,-07:00,2025-04-22T17:02:28-07:00,0,40
global.js,128,js,788c46b6,Clayton Hammen Tan,2025-04-22,17:02:28,-07:00,2025-04-22T17:02:28-07:00,0,33
global.js,129,js,788c46b6,Clayton Hammen Tan,2025-04-22,17:02:28,-07:00,2025-04-22T17:02:28-07:00,0,18
global.js,130,js,788c46b6,Clayton Hammen Tan,2025-04-22,17:02:28,-07:00,2025-04-22T17:02:28-07:00,0,86
global.js,131,js,788c46b6,Clayton Hammen Tan,2025-04-22,17:02:28,-07:00,2025-04-22T17:02:28-07:00,0,0
global.js,132,js,788c46b6,Clayton Hammen Tan,2025-04-22,17:02:28,-07:00,2025-04-22T17:02:28-07:00,0,28
global.js,133,js,788c46b6,Clayton Hammen Tan,2025-04-22,17:02:28,-07:00,2025-04-22T17:02:28-07:00,0,16
global.js,134,js,788c46b6,Clayton Hammen Tan,2025-04-22,17:02:28,-07:00,2025-04-22T17:02:28-07:00,0,44
global.js,135,js,788c46b6,Clayton Hammen Tan,2025-04-22,17:02:28,-07:00,2025-04-22T17:02:28-07:00,0,28
global.js,136,js,788c46b6,Clayton Hammen Tan,2025-04-22,17:02:28,-07:00,2025-04-22T17:02:28-07:00,0,0
global.js,137,js,788c46b6,Clayton Hammen Tan,2025-04-22,17:02:28,-07:00,2025-04-22T17:02:28-07:00,0,0
global.js,138,js,788c46b6,Clayton Hammen Tan,2025-04-22,17:02:28,-07:00,2025-04-22T17:02:28-07:00,0,0
global.js,139,js,788c46b6,Clayton Hammen Tan,2025-04-22,17:02:28,-07:00,2025-04-22T17:02:28-07:00,0,73
global.js,140,js,788c46b6,Clayton Hammen Tan,2025-04-22,17:02:28,-07:00,2025-04-22T17:02:28-07:00,0,41
global.js,141,js,788c46b6,Clayton Hammen Tan,2025-04-22,17:02:28,-07:00,2025-04-22T17:02:28-07:00,0,61
global.js,142,js,788c46b6,Clayton Hammen Tan,2025-04-22,17:02:28,-07:00,2025-04-22T17:02:28-07:00,0,6
global.js,143,js,788c46b6,Clayton Hammen Tan,2025-04-22,17:02:28,-07:00,2025-04-22T17:02:28-07:00,0,0
global.js,144,js,cb1f9ac5,Clayton Hammen Tan,2025-04-30,09:15:01,-07:00,2025-04-30T09:15:01-07:00,0,0
global.js,145,js,cb1f9ac5,Clayton Hammen Tan,2025-04-30,09:15:01,-07:00,2025-04-30T09:15:01-07:00,0,27
global.js,146,js,788c46b6,Clayton Hammen Tan,2025-04-22,17:02:28,-07:00,2025-04-22T17:02:28-07:00,0,24
global.js,147,js,cb1f9ac5,Clayton Hammen Tan,2025-04-30,09:15:01,-07:00,2025-04-30T09:15:01-07:00,0,0
global.js,148,js,cb1f9ac5,Clayton Hammen Tan,2025-04-30,09:15:01,-07:00,2025-04-30T09:15:01-07:00,0,30
global.js,149,js,788c46b6,Clayton Hammen Tan,2025-04-22,17:02:28,-07:00,2025-04-22T17:02:28-07:00,0,22
global.js,150,js,788c46b6,Clayton Hammen Tan,2025-04-22,17:02:28,-07:00,2025-04-22T17:02:28-07:00,0,49
global.js,151,js,788c46b6,Clayton Hammen Tan,2025-04-22,17:02:28,-07:00,2025-04-22T17:02:28-07:00,0,6
global.js,152,js,788c46b6,Clayton Hammen Tan,2025-04-22,17:02:28,-07:00,2025-04-22T17:02:28-07:00,0,0
global.js,153,js,cb1f9ac5,Clayton Hammen Tan,2025-04-30,09:15:01,-07:00,2025-04-30T09:15:01-07:00,0,0
global.js,154,js,cb1f9ac5,Clayton Hammen Tan,2025-04-30,09:15:01,-07:00,2025-04-30T09:15:01-07:00,0,24
global.js,155,js,788c46b6,Clayton Hammen Tan,2025-04-22,17:02:28,-07:00,2025-04-22T17:02:28-07:00,0,29
global.js,156,js,788c46b6,Clayton Hammen Tan,2025-04-22,17:02:28,-07:00,2025-04-22T17:02:28-07:00,0,49
global.js,157,js,788c46b6,Clayton Hammen Tan,2025-04-22,17:02:28,-07:00,2025-04-22T17:02:28-07:00,0,0
global.js,158,js,cb1f9ac5,Clayton Hammen Tan,2025-04-30,09:15:01,-07:00,2025-04-30T09:15:01-07:00,0,7
global.js,159,js,cb1f9ac5,Clayton Hammen Tan,2025-04-30,09:15:01,-07:00,2025-04-30T09:15:01-07:00,0,52
global.js,160,js,cb1f9ac5,Clayton Hammen Tan,2025-04-30,09:15:01,-07:00,2025-04-30T09:15:01-07:00,0,38
global.js,161,js,cb1f9ac5,Clayton Hammen Tan,2025-04-30,09:15:01,-07:00,2025-04-30T09:15:01-07:00,0,23
global.js,162,js,788c46b6,Clayton Hammen Tan,2025-04-22,17:02:28,-07:00,2025-04-22T17:02:28-07:00,0,0
global.js,163,js,788c46b6,Clayton Hammen Tan,2025-04-22,17:02:28,-07:00,2025-04-22T17:02:28-07:00,0,7
global.js,164,js,788c46b6,Clayton Hammen Tan,2025-04-22,17:02:28,-07:00,2025-04-22T17:02:28-07:00,0,41
global.js,165,js,788c46b6,Clayton Hammen Tan,2025-04-22,17:02:28,-07:00,2025-04-22T17:02:28-07:00,0,26
global.js,166,js,788c46b6,Clayton Hammen Tan,2025-04-22,17:02:28,-07:00,2025-04-22T17:02:28-07:00,0,26
global.js,167,js,788c46b6,Clayton Hammen Tan,2025-04-22,17:02:28,-07:00,2025-04-22T17:02:28-07:00,0,19
global.js,168,js,788c46b6,Clayton Hammen Tan,2025-04-22,17:02:28,-07:00,2025-04-22T17:02:28-07:00,0,0
global.js,169,js,cb1f9ac5,Clayton Hammen Tan,2025-04-30,09:15:01,-07:00,2025-04-30T09:15:01-07:00,0,34
global.js,170,js,cb1f9ac5,Clayton Hammen Tan,2025-04-30,09:15:01,-07:00,2025-04-30T09:15:01-07:00,0,45
global.js,171,js,cb1f9ac5,Clayton Hammen Tan,2025-04-30,09:15:01,-07:00,2025-04-30T09:15:01-07:00,0,40
global.js,172,js,cb1f9ac5,Clayton Hammen Tan,2025-04-30,09:15:01,-07:00,2025-04-30T09:15:01-07:00,0,0
global.js,173,js,788c46b6,Clayton Hammen Tan,2025-04-22,17:02:28,-07:00,2025-04-22T17:02:28-07:00,0,13
global.js,174,js,cb1f9ac5,Clayton Hammen Tan,2025-04-30,09:15:01,-07:00,2025-04-30T09:15:01-07:00,0,40
global.js,175,js,cb1f9ac5,Clayton Hammen Tan,2025-04-30,09:15:01,-07:00,2025-04-30T09:15:01-07:00,0,41
global.js,176,js,cb1f9ac5,Clayton Hammen Tan,2025-04-30,09:15:01,-07:00,2025-04-30T09:15:01-07:00,0,20
global.js,177,js,cb1f9ac5,Clayton Hammen Tan,2025-04-30,09:15:01,-07:00,2025-04-30T09:15:01-07:00,0,0
global.js,178,js,cb1f9ac5,Clayton Hammen Tan,2025-04-30,09:15:01,-07:00,2025-04-30T09:15:01-07:00,0,6
global.js,179,js,cb1f9ac5,Clayton Hammen Tan,2025-04-30,09:15:01,-07:00,2025-04-30T09:15:01-07:00,0,40
global.js,180,js,cb1f9ac5,Clayton Hammen Tan,2025-04-30,09:15:01,-07:00,2025-04-30T09:15:01-07:00,0,34
global.js,181,js,a22266e0,Clayton Hammen Tan,2025-04-30,09:18:09,-07:00,2025-04-30T09:18:09-07:00,0,42
global.js,182,js,cb1f9ac5,Clayton Hammen Tan,2025-04-30,09:15:01,-07:00,2025-04-30T09:15:01-07:00,0,20
global.js,183,js,788c46b6,Clayton Hammen Tan,2025-04-22,17:02:28,-07:00,2025-04-22T17:02:28-07:00,0,0
global.js,184,js,cb1f9ac5,Clayton Hammen Tan,2025-04-30,09:15:01,-07:00,2025-04-30T09:15:01-07:00,0,23
global.js,185,js,788c46b6,Clayton Hammen Tan,2025-04-22,17:02:28,-07:00,2025-04-22T17:02:28-07:00,0,25
global.js,186,js,788c46b6,Clayton Hammen Tan,2025-04-22,17:02:28,-07:00,2025-04-22T17:02:28-07:00,0,0
global.js,187,js,e5c499cb,Clayton Hammen Tan,2025-04-22,22:07:28,-07:00,2025-04-22T22:07:28-07:00,0,0
global.js,188,js,e5c499cb,Clayton Hammen Tan,2025-04-22,22:07:28,-07:00,2025-04-22T22:07:28-07:00,0,48
global.js,189,js,e5c499cb,Clayton Hammen Tan,2025-04-22,22:07:28,-07:00,2025-04-22T22:07:28-07:00,0,60
global.js,190,js,788c46b6,Clayton Hammen Tan,2025-04-22,17:02:28,-07:00,2025-04-22T17:02:28-07:00,0,0
resume/index.html,1,html,d4bc54fb,Clayton Hammen Tan,2025-04-02,22:20:01,+02:00,2025-04-02T22:20:01+02:00,0,14
resume/index.html,2,html,d4bc54fb,Clayton Hammen Tan,2025-04-02,22:20:01,+02:00,2025-04-02T22:20:01+02:00,0,15
resume/index.html,3,html,d4bc54fb,Clayton Hammen Tan,2025-04-02,22:20:01,+02:00,2025-04-02T22:20:01+02:00,0,5
resume/index.html,4,html,d4bc54fb,Clayton Hammen Tan,2025-04-02,22:20:01,+02:00,2025-04-02T22:20:01+02:00,0,21
resume/index.html,5,html,d4bc54fb,Clayton Hammen Tan,2025-04-02,22:20:01,+02:00,2025-04-02T22:20:01+02:00,0,69
resume/index.html,6,html,d4bc54fb,Clayton Hammen Tan,2025-04-02,22:20:01,+02:00,2025-04-02T22:20:01+02:00,0,40
resume/index.html,7,html,e80f58ab,Clayton Hammen Tan,2025-04-08,20:48:59,-07:00,2025-04-08T20:48:59-07:00,0,50
resume/index.html,8,html,d4bc54fb,Clayton Hammen Tan,2025-04-02,22:20:01,+02:00,2025-04-02T22:20:01+02:00,0,6
resume/index.html,9,html,d4bc54fb,Clayton Hammen Tan,2025-04-02,22:20:01,+02:00,2025-04-02T22:20:01+02:00,0,5
resume/index.html,10,html,d4bc54fb,Clayton Hammen Tan,2025-04-02,22:20:01,+02:00,2025-04-02T22:20:01+02:00,0,7
resume/index.html,11,html,d4bc54fb,Clayton Hammen Tan,2025-04-02,22:20:01,+02:00,2025-04-02T22:20:01+02:00,0,26
resume/index.html,12,html,d4bc54fb,Clayton Hammen Tan,2025-04-02,22:20:01,+02:00,2025-04-02T22:20:01+02:00,0,2
resume/index.html,13,html,d4bc54fb,Clayton Hammen Tan,2025-04-02,22:20:01,+02:00,2025-04-02T22:20:01+02:00,0,70
resume/index.html,14,html,d4bc54fb,Clayton Hammen Tan,2025-04-02,22:20:01,+02:00,2025-04-02T22:20:01+02:00,0,86
resume/index.html,15,html,d4bc54fb,Clayton Hammen Tan,2025-04-02,22:20:01,+02:00,2025-04-02T22:20:01+02:00,0,73
resume/index.html,16,html,d4bc54fb,Clayton Hammen Tan,2025-04-02,22:20:01,+02:00,2025-04-02T22:20:01+02:00,0,3
resume/index.html,17,html,d4bc54fb,Clayton Hammen Tan,2025-04-02,22:20:01,+02:00,2025-04-02T22:20:01+02:00,0,8
resume/index.html,18,html,d4bc54fb,Clayton Hammen Tan,2025-04-02,22:20:01,+02:00,2025-04-02T22:20:01+02:00,0,0
resume/index.html,19,html,d4bc54fb,Clayton Hammen Tan,2025-04-02,22:20:01,+02:00,2025-04-02T22:20:01+02:00,0,5
resume/index.html,20,html,d4bc54fb,Clayton Hammen Tan,2025-04-02,22:20:01,+02:00,2025-04-02T22:20:01+02:00,0,25
resume/index.html,21,html,d4bc54fb,Clayton Hammen Tan,2025-04-02,22:20:01,+02:00,2025-04-02T22:20:01+02:00,0,8
resume/index.html,22,html,d4bc54fb,Clayton Hammen Tan,2025-04-02,22:20:01,+02:00,2025-04-02T22:20:01+02:00,0,7
resume/index.html,23,html,d4bc54fb,Clayton Hammen Tan,2025-04-02,22:20:01,+02:00,2025-04-02T22:20:01+02:00,0,17
resume/index.html,24,html,d4bc54fb,Clayton Hammen Tan,2025-04-02,22:20:01,+02:00,2025-04-02T22:20:01+02:00,0,8
resume/index.html,25,html,d4bc54fb,Clayton Hammen Tan,2025-04-02,22:20:01,+02:00,2025-04-02T22:20:01+02:00,0,8
resume/index.html,26,html,d4bc54fb,Clayton Hammen Tan,2025-04-02,22:20:01,+02:00,2025-04-02T22:20:01+02:00,0,7
resume/index.html,27,html,d4bc54fb,Clayton Hammen Tan,2025-04-02,22:20:01,+02:00,2025-04-02T22:20:01+02:00,0,43
resume/index.html,28,html,d4bc54fb,Clayton Hammen Tan,2025-04-02,22:20:01,+02:00,2025-04-02T22:20:01+02:00,0,27
resume/index.html,29,html,d4bc54fb,Clayton Hammen Tan,2025-04-02,22:20:01,+02:00,2025-04-02T22:20:01+02:00,0,2
resume/index.html,30,html,d4bc54fb,Clayton Hammen Tan,2025-04-02,22:20:01,+02:00,2025-04-02T22:20:01+02:00,0,82
resume/index.html,31,html,d4bc54fb,Clayton Hammen Tan,2025-04-02,22:20:01,+02:00,2025-04-02T22:20:01+02:00,0,3
resume/index.html,32,html,d4bc54fb,Clayton Hammen Tan,2025-04-02,22:20:01,+02:00,2025-04-02T22:20:01+02:00,0,8
resume/index.html,33,html,d4bc54fb,Clayton Hammen Tan,2025-04-02,22:20:01,+02:00,2025-04-02T22:20:01+02:00,0,2
resume/index.html,34,html,d4bc54fb,Clayton Hammen Tan,2025-04-02,22:20:01,+02:00,2025-04-02T22:20:01+02:00,0,38
resume/index.html,35,html,d4bc54fb,Clayton Hammen Tan,2025-04-02,22:20:01,+02:00,2025-04-02T22:20:01+02:00,0,12
resume/index.html,36,html,d4bc54fb,Clayton Hammen Tan,2025-04-02,22:20:01,+02:00,2025-04-02T22:20:01+02:00,0,98
resume/index.html,37,html,d4bc54fb,Clayton Hammen Tan,2025-04-02,22:20:01,+02:00,2025-04-02T22:20:01+02:00,0,3
resume/index.html,38,html,d4bc54fb,Clayton Hammen Tan,2025-04-02,22:20:01,+02:00,2025-04-02T22:20:01+02:00,0,9
resume/index.html,39,html,d4bc54fb,Clayton Hammen Tan,2025-04-02,22:20:01,+02:00,2025-04-02T22:20:01+02:00,0,9
resume/index.html,40,html,d4bc54fb,Clayton Hammen Tan,2025-04-02,22:20:01,+02:00,2025-04-02T22:20:01+02:00,0,0
resume/index.html,41,html,d4bc54fb,Clayton Hammen Tan,2025-04-02,22:20:01,+02:00,2025-04-02T22:20:01+02:00,0,39
resume/index.html,42,html,d4bc54fb,Clayton Hammen Tan,2025-04-02,22:20:01,+02:00,2025-04-02T22:20:01+02:00,0,8
resume/index.html,43,html,d4bc54fb,Clayton Hammen Tan,2025-04-02,22:20:01,+02:00,2025-04-02T22:20:01+02:00,0,7
resume/index.html,44,html,d4bc54fb,Clayton Hammen Tan,2025-04-02,22:20:01,+02:00,2025-04-02T22:20:01+02:00,0,31
resume/index.html,45,html,d4bc54fb,Clayton Hammen Tan,2025-04-02,22:20:01,+02:00,2025-04-02T22:20:01+02:00,0,8
resume/index.html,46,html,d4bc54fb,Clayton Hammen Tan,2025-04-02,22:20:01,+02:00,2025-04-02T22:20:01+02:00,0,8
resume/index.html,47,html,d4bc54fb,Clayton Hammen Tan,2025-04-02,22:20:01,+02:00,2025-04-02T22:20:01+02:00,0,7
resume/index.html,48,html,d4bc54fb,Clayton Hammen Tan,2025-04-02,22:20:01,+02:00,2025-04-02T22:20:01+02:00,0,15
resume/index.html,49,html,d4bc54fb,Clayton Hammen Tan,2025-04-02,22:20:01,+02:00,2025-04-02T22:20:01+02:00,0,27
resume/index.html,50,html,d4bc54fb,Clayton Hammen Tan,2025-04-02,22:20:01,+02:00,2025-04-02T22:20:01+02:00,0,2
resume/index.html,51,html,d4bc54fb,Clayton Hammen Tan,2025-04-02,22:20:01,+02:00,2025-04-02T22:20:01+02:00,0,83
resume/index.html,52,html,d4bc54fb,Clayton Hammen Tan,2025-04-02,22:20:01,+02:00,2025-04-02T22:20:01+02:00,0,3
resume/index.html,53,html,d4bc54fb,Clayton Hammen Tan,2025-04-02,22:20:01,+02:00,2025-04-02T22:20:01+02:00,0,8
resume/index.html,54,html,d4bc54fb,Clayton Hammen Tan,2025-04-02,22:20:01,+02:00,2025-04-02T22:20:01+02:00,0,2
resume/index.html,55,html,d4bc54fb,Clayton Hammen Tan,2025-04-02,22:20:01,+02:00,2025-04-02T22:20:01+02:00,0,87
resume/index.html,56,html,d4bc54fb,Clayton Hammen Tan,2025-04-02,22:20:01,+02:00,2025-04-02T22:20:01+02:00,0,3
resume/index.html,57,html,d4bc54fb,Clayton Hammen Tan,2025-04-02,22:20:01,+02:00,2025-04-02T22:20:01+02:00,0,9
resume/index.html,58,html,d4bc54fb,Clayton Hammen Tan,2025-04-02,22:20:01,+02:00,2025-04-02T22:20:01+02:00,0,0
resume/index.html,59,html,d4bc54fb,Clayton Hammen Tan,2025-04-02,22:20:01,+02:00,2025-04-02T22:20:01+02:00,0,8
resume/index.html,60,html,d4bc54fb,Clayton Hammen Tan,2025-04-02,22:20:01,+02:00,2025-04-02T22:20:01+02:00,0,7
resume/index.html,61,html,d4bc54fb,Clayton Hammen Tan,2025-04-02,22:20:01,+02:00,2025-04-02T22:20:01+02:00,0,36
resume/index.html,62,html,d4bc54fb,Clayton Hammen Tan,2025-04-02,22:20:01,+02:00,2025-04-02T22:20:01+02:00,0,24
resume/index.html,63,html,d4bc54fb,Clayton Hammen Tan,2025-04-02,22:20:01,+02:00,2025-04-02T22:20:01+02:00,0,2
resume/index.html,64,html,d4bc54fb,Clayton Hammen Tan,2025-04-02,22:20:01,+02:00,2025-04-02T22:20:01+02:00,0,118
resume/index.html,65,html,d4bc54fb,Clayton Hammen Tan,2025-04-02,22:20:01,+02:00,2025-04-02T22:20:01+02:00,0,3
resume/index.html,66,html,d4bc54fb,Clayton Hammen Tan,2025-04-02,22:20:01,+02:00,2025-04-02T22:20:01+02:00,0,8
resume/index.html,67,html,d4bc54fb,Clayton Hammen Tan,2025-04-02,22:20:01,+02:00,2025-04-02T22:20:01+02:00,0,3
resume/index.html,68,html,d4bc54fb,Clayton Hammen Tan,2025-04-02,22:20:01,+02:00,2025-04-02T22:20:01+02:00,0,108
resume/index.html,69,html,d4bc54fb,Clayton Hammen Tan,2025-04-02,22:20:01,+02:00,2025-04-02T22:20:01+02:00,0,102
resume/index.html,70,html,d4bc54fb,Clayton Hammen Tan,2025-04-02,22:20:01,+02:00,2025-04-02T22:20:01+02:00,0,88
resume/index.html,71,html,d4bc54fb,Clayton Hammen Tan,2025-04-02,22:20:01,+02:00,2025-04-02T22:20:01+02:00,0,140
resume/index.html,72,html,d4bc54fb,Clayton Hammen Tan,2025-04-02,22:20:01,+02:00,2025-04-02T22:20:01+02:00,0,64
resume/index.html,73,html,d4bc54fb,Clayton Hammen Tan,2025-04-02,22:20:01,+02:00,2025-04-02T22:20:01+02:00,0,4
resume/index.html,74,html,d4bc54fb,Clayton Hammen Tan,2025-04-02,22:20:01,+02:00,2025-04-02T22:20:01+02:00,0,9
resume/index.html,75,html,d4bc54fb,Clayton Hammen Tan,2025-04-02,22:20:01,+02:00,2025-04-02T22:20:01+02:00,0,0
resume/index.html,76,html,d4bc54fb,Clayton Hammen Tan,2025-04-02,22:20:01,+02:00,2025-04-02T22:20:01+02:00,0,8
resume/index.html,77,html,d4bc54fb,Clayton Hammen Tan,2025-04-02,22:20:01,+02:00,2025-04-02T22:20:01+02:00,0,7
resume/index.html,78,html,d4bc54fb,Clayton Hammen Tan,2025-04-02,22:20:01,+02:00,2025-04-02T22:20:01+02:00,0,12
resume/index.html,79,html,d4bc54fb,Clayton Hammen Tan,2025-04-02,22:20:01,+02:00,2025-04-02T22:20:01+02:00,0,24
resume/index.html,80,html,d4bc54fb,Clayton Hammen Tan,2025-04-02,22:20:01,+02:00,2025-04-02T22:20:01+02:00,0,2
resume/index.html,81,html,d4bc54fb,Clayton Hammen Tan,2025-04-02,22:20:01,+02:00,2025-04-02T22:20:01+02:00,0,136
resume/index.html,82,html,d4bc54fb,Clayton Hammen Tan,2025-04-02,22:20:01,+02:00,2025-04-02T22:20:01+02:00,0,3
resume/index.html,83,html,d4bc54fb,Clayton Hammen Tan,2025-04-02,22:20:01,+02:00,2025-04-02T22:20:01+02:00,0,8
resume/index.html,84,html,d4bc54fb,Clayton Hammen Tan,2025-04-02,22:20:01,+02:00,2025-04-02T22:20:01+02:00,0,3
resume/index.html,85,html,d4bc54fb,Clayton Hammen Tan,2025-04-02,22:20:01,+02:00,2025-04-02T22:20:01+02:00,0,79
resume/index.html,86,html,d4bc54fb,Clayton Hammen Tan,2025-04-02,22:20:01,+02:00,2025-04-02T22:20:01+02:00,0,96
resume/index.html,87,html,d4bc54fb,Clayton Hammen Tan,2025-04-02,22:20:01,+02:00,2025-04-02T22:20:01+02:00,0,70
resume/index.html,88,html,d4bc54fb,Clayton Hammen Tan,2025-04-02,22:20:01,+02:00,2025-04-02T22:20:01+02:00,0,4
resume/index.html,89,html,d4bc54fb,Clayton Hammen Tan,2025-04-02,22:20:01,+02:00,2025-04-02T22:20:01+02:00,0,9
resume/index.html,90,html,d4bc54fb,Clayton Hammen Tan,2025-04-02,22:20:01,+02:00,2025-04-02T22:20:01+02:00,0,0
resume/index.html,91,html,d4bc54fb,Clayton Hammen Tan,2025-04-02,22:20:01,+02:00,2025-04-02T22:20:01+02:00,0,8
resume/index.html,92,html,d4bc54fb,Clayton Hammen Tan,2025-04-02,22:20:01,+02:00,2025-04-02T22:20:01+02:00,0,7
resume/index.html,93,html,d4bc54fb,Clayton Hammen Tan,2025-04-02,22:20:01,+02:00,2025-04-02T22:20:01+02:00,0,27
resume/index.html,94,html,d4bc54fb,Clayton Hammen Tan,2025-04-02,22:20:01,+02:00,2025-04-02T22:20:01+02:00,0,24
resume/index.html,95,html,d4bc54fb,Clayton Hammen Tan,2025-04-02,22:20:01,+02:00,2025-04-02T22:20:01+02:00,0,2
resume/index.html,96,html,d4bc54fb,Clayton Hammen Tan,2025-04-02,22:20:01,+02:00,2025-04-02T22:20:01+02:00,0,123
resume/index.html,97,html,d4bc54fb,Clayton Hammen Tan,2025-04-02,22:20:01,+02:00,2025-04-02T22:20:01+02:00,0,3
resume/index.html,98,html,d4bc54fb,Clayton Hammen Tan,2025-04-02,22:20:01,+02:00,2025-04-02T22:20:01+02:00,0,8
resume/index.html,99,html,d4bc54fb,Clayton Hammen Tan,2025-04-02,22:20:01,+02:00,2025-04-02T22:20:01+02:00,0,3
resume/index.html,100,html,d4bc54fb,Clayton Hammen Tan,2025-04-02,22:20:01,+02:00,2025-04-02T22:20:01+02:00,0,95
resume/index.html,101,html,d4bc54fb,Clayton Hammen Tan,2025-04-02,22:20:01,+02:00,2025-04-02T22:20:01+02:00,0,96
resume/index.html,102,html,d4bc54fb,Clayton Hammen Tan,2025-04-02,22:20:01,+02:00,2025-04-02T22:20:01+02:00,0,101
resume/index.html,103,html,d4bc54fb,Clayton Hammen Tan,2025-04-02,22:20:01,+02:00,2025-04-02T22:20:01+02:00,0,4
resume/index.html,104,html,d4bc54fb,Clayton Hammen Tan,2025-04-02,22:20:01,+02:00,2025-04-02T22:20:01+02:00,0,9
resume/index.html,105,html,d4bc54fb,Clayton Hammen Tan,2025-04-02,22:20:01,+02:00,2025-04-02T22:20:01+02:00,0,9
resume/index.html,106,html,d4bc54fb,Clayton Hammen Tan,2025-04-02,22:20:01,+02:00,2025-04-02T22:20:01+02:00,0,0
resume/index.html,107,html,d4bc54fb,Clayton Hammen Tan,2025-04-02,22:20:01,+02:00,2025-04-02T22:20:01+02:00,0,37
resume/index.html,108,html,d4bc54fb,Clayton Hammen Tan,2025-04-02,22:20:01,+02:00,2025-04-02T22:20:01+02:00,0,8
resume/index.html,109,html,d4bc54fb,Clayton Hammen Tan,2025-04-02,22:20:01,+02:00,2025-04-02T22:20:01+02:00,0,7
resume/index.html,110,html,d4bc54fb,Clayton Hammen Tan,2025-04-02,22:20:01,+02:00,2025-04-02T22:20:01+02:00,0,29
resume/index.html,111,html,d4bc54fb,Clayton Hammen Tan,2025-04-02,22:20:01,+02:00,2025-04-02T22:20:01+02:00,0,8
resume/index.html,112,html,d4bc54fb,Clayton Hammen Tan,2025-04-02,22:20:01,+02:00,2025-04-02T22:20:01+02:00,0,8
resume/index.html,113,html,d4bc54fb,Clayton Hammen Tan,2025-04-02,22:20:01,+02:00,2025-04-02T22:20:01+02:00,0,7
resume/index.html,114,html,d4bc54fb,Clayton Hammen Tan,2025-04-02,22:20:01,+02:00,2025-04-02T22:20:01+02:00,0,61
resume/index.html,115,html,d4bc54fb,Clayton Hammen Tan,2025-04-02,22:20:01,+02:00,2025-04-02T22:20:01+02:00,0,19
resume/index.html,116,html,d4bc54fb,Clayton Hammen Tan,2025-04-02,22:20:01,+02:00,2025-04-02T22:20:01+02:00,0,2
resume/index.html,117,html,d4bc54fb,Clayton Hammen Tan,2025-04-02,22:20:01,+02:00,2025-04-02T22:20:01+02:00,0,100
resume/index.html,118,html,d4bc54fb,Clayton Hammen Tan,2025-04-02,22:20:01,+02:00,2025-04-02T22:20:01+02:00,0,3
resume/index.html,119,html,d4bc54fb,Clayton Hammen Tan,2025-04-02,22:20:01,+02:00,2025-04-02T22:20:01+02:00,0,8
resume/index.html,120,html,d4bc54fb,Clayton Hammen Tan,2025-04-02,22:20:01,+02:00,2025-04-02T22:20:01+02:00,0,3
resume/index.html,121,html,d4bc54fb,Clayton Hammen Tan,2025-04-02,22:20:01,+02:00,2025-04-02T22:20:01+02:00,0,85
resume/index.html,122,html,d4bc54fb,Clayton Hammen Tan,2025-04-02,22:20:01,+02:00,2025-04-02T22:20:01+02:00,0,90
resume/index.html,123,html,d4bc54fb,Clayton Hammen Tan,2025-04-02,22:20:01,+02:00,2025-04-02T22:20:01+02:00,0,85
resume/index.html,124,html,d4bc54fb,Clayton Hammen Tan,2025-04-02,22:20:01,+02:00,2025-04-02T22:20:01+02:00,0,4
resume/index.html,125,html,d4bc54fb,Clayton Hammen Tan,2025-04-02,22:20:01,+02:00,2025-04-02T22:20:01+02:00,0,9
resume/index.html,126,html,d4bc54fb,Clayton Hammen Tan,2025-04-02,22:20:01,+02:00,2025-04-02T22:20:01+02:00,0,0
resume/index.html,127,html,d4bc54fb,Clayton Hammen Tan,2025-04-02,22:20:01,+02:00,2025-04-02T22:20:01+02:00,0,8
resume/index.html,128,html,d4bc54fb,Clayton Hammen Tan,2025-04-02,22:20:01,+02:00,2025-04-02T22:20:01+02:00,0,7
resume/index.html,129,html,d4bc54fb,Clayton Hammen Tan,2025-04-02,22:20:01,+02:00,2025-04-02T22:20:01+02:00,0,91
resume/index.html,130,html,d4bc54fb,Clayton Hammen Tan,2025-04-02,22:20:01,+02:00,2025-04-02T22:20:01+02:00,0,19
resume/index.html,131,html,d4bc54fb,Clayton Hammen Tan,2025-04-02,22:20:01,+02:00,2025-04-02T22:20:01+02:00,0,2
resume/index.html,132,html,d4bc54fb,Clayton Hammen Tan,2025-04-02,22:20:01,+02:00,2025-04-02T22:20:01+02:00,0,143
resume/index.html,133,html,d4bc54fb,Clayton Hammen Tan,2025-04-02,22:20:01,+02:00,2025-04-02T22:20:01+02:00,0,3
resume/index.html,134,html,d4bc54fb,Clayton Hammen Tan,2025-04-02,22:20:01,+02:00,2025-04-02T22:20:01+02:00,0,8
resume/index.html,135,html,d4bc54fb,Clayton Hammen Tan,2025-04-02,22:20:01,+02:00,2025-04-02T22:20:01+02:00,0,3
resume/index.html,136,html,d4bc54fb,Clayton Hammen Tan,2025-04-02,22:20:01,+02:00,2025-04-02T22:20:01+02:00,0,108
resume/index.html,137,html,d4bc54fb,Clayton Hammen Tan,2025-04-02,22:20:01,+02:00,2025-04-02T22:20:01+02:00,0,114
resume/index.html,138,html,d4bc54fb,Clayton Hammen Tan,2025-04-02,22:20:01,+02:00,2025-04-02T22:20:01+02:00,0,73
resume/index.html,139,html,d4bc54fb,Clayton Hammen Tan,2025-04-02,22:20:01,+02:00,2025-04-02T22:20:01+02:00,0,4
resume/index.html,140,html,d4bc54fb,Clayton Hammen Tan,2025-04-02,22:20:01,+02:00,2025-04-02T22:20:01+02:00,0,9
resume/index.html,141,html,d4bc54fb,Clayton Hammen Tan,2025-04-02,22:20:01,+02:00,2025-04-02T22:20:01+02:00,0,9
resume/index.html,142,html,d4bc54fb,Clayton Hammen Tan,2025-04-02,22:20:01,+02:00,2025-04-02T22:20:01+02:00,0,0
resume/index.html,143,html,d4bc54fb,Clayton Hammen Tan,2025-04-02,22:20:01,+02:00,2025-04-02T22:20:01+02:00,0,34
resume/index.html,144,html,d4bc54fb,Clayton Hammen Tan,2025-04-02,22:20:01,+02:00,2025-04-02T22:20:01+02:00,0,8
resume/index.html,145,html,d4bc54fb,Clayton Hammen Tan,2025-04-02,22:20:01,+02:00,2025-04-02T22:20:01+02:00,0,7
resume/index.html,146,html,d4bc54fb,Clayton Hammen Tan,2025-04-02,22:20:01,+02:00,2025-04-02T22:20:01+02:00,0,30
resume/index.html,147,html,d4bc54fb,Clayton Hammen Tan,2025-04-02,22:20:01,+02:00,2025-04-02T22:20:01+02:00,0,8
resume/index.html,148,html,d4bc54fb,Clayton Hammen Tan,2025-04-02,22:20:01,+02:00,2025-04-02T22:20:01+02:00,0,3
resume/index.html,149,html,d4bc54fb,Clayton Hammen Tan,2025-04-02,22:20:01,+02:00,2025-04-02T22:20:01+02:00,0,55
resume/index.html,150,html,d4bc54fb,Clayton Hammen Tan,2025-04-02,22:20:01,+02:00,2025-04-02T22:20:01+02:00,0,111
resume/index.html,151,html,d4bc54fb,Clayton Hammen Tan,2025-04-02,22:20:01,+02:00,2025-04-02T22:20:01+02:00,0,105
resume/index.html,152,html,d4bc54fb,Clayton Hammen Tan,2025-04-02,22:20:01,+02:00,2025-04-02T22:20:01+02:00,0,4
resume/index.html,153,html,d4bc54fb,Clayton Hammen Tan,2025-04-02,22:20:01,+02:00,2025-04-02T22:20:01+02:00,0,9
resume/index.html,154,html,d4bc54fb,Clayton Hammen Tan,2025-04-02,22:20:01,+02:00,2025-04-02T22:20:01+02:00,0,6
resume/index.html,155,html,ca7777aa,Clayton Hammen Tan,2025-04-16,10:44:53,-07:00,2025-04-16T10:44:53-07:00,0,57
resume/index.html,156,html,d4bc54fb,Clayton Hammen Tan,2025-04-02,22:20:01,+02:00,2025-04-02T22:20:01+02:00,0,6
resume/index.html,157,html,d4bc54fb,Clayton Hammen Tan,2025-04-02,22:20:01,+02:00,2025-04-02T22:20:01+02:00,0,6
projects/projects.js,1,js,ebb0ffca,Clayton Hammen Tan,2025-04-30,09:25:23,-07:00,2025-04-30T09:25:23-07:00,0,64
projects/projects.js,2,js,788c46b6,Clayton Hammen Tan,2025-04-22,17:02:28,-07:00,2025-04-22T17:02:28-07:00,0,56
projects/projects.js,3,js,788c46b6,Clayton Hammen Tan,2025-04-22,17:02:28,-07:00,2025-04-22T17:02:28-07:00,0,0
projects/projects.js,4,js,04fb94c2,Clayton Hammen Tan,2025-04-30,13:35:28,-07:00,2025-04-30T13:35:28-07:00,0,57
projects/projects.js,5,js,04fb94c2,Clayton Hammen Tan,2025-04-30,13:35:28,-07:00,2025-04-30T13:35:28-07:00,0,49
projects/projects.js,6,js,7c3ae74b,Clayton Hammen Tan,2025-04-30,11:24:27,-07:00,2025-04-30T11:24:27-07:00,0,0
projects/projects.js,7,js,7c3ae74b,Clayton Hammen Tan,2025-04-30,11:24:27,-07:00,2025-04-30T11:24:27-07:00,0,14
projects/projects.js,8,js,04fb94c2,Clayton Hammen Tan,2025-04-30,13:35:28,-07:00,2025-04-30T13:35:28-07:00,0,31
projects/projects.js,9,js,04fb94c2,Clayton Hammen Tan,2025-04-30,13:35:28,-07:00,2025-04-30T13:35:28-07:00,0,65
projects/projects.js,10,js,5f48b2bb,Clayton Hammen Tan,2025-04-30,13:25:50,-07:00,2025-04-30T13:25:50-07:00,0,61
projects/projects.js,11,js,04fb94c2,Clayton Hammen Tan,2025-04-30,13:35:28,-07:00,2025-04-30T13:35:28-07:00,0,85
projects/projects.js,12,js,04fb94c2,Clayton Hammen Tan,2025-04-30,13:35:28,-07:00,2025-04-30T13:35:28-07:00,0,0
projects/projects.js,13,js,04fb94c2,Clayton Hammen Tan,2025-04-30,13:35:28,-07:00,2025-04-30T13:35:28-07:00,0,55
projects/projects.js,14,js,04fb94c2,Clayton Hammen Tan,2025-04-30,13:35:28,-07:00,2025-04-30T13:35:28-07:00,0,56
projects/projects.js,15,js,04fb94c2,Clayton Hammen Tan,2025-04-30,13:35:28,-07:00,2025-04-30T13:35:28-07:00,0,43
projects/projects.js,16,js,04fb94c2,Clayton Hammen Tan,2025-04-30,13:35:28,-07:00,2025-04-30T13:35:28-07:00,0,36
projects/projects.js,17,js,04fb94c2,Clayton Hammen Tan,2025-04-30,13:35:28,-07:00,2025-04-30T13:35:28-07:00,0,77
projects/projects.js,18,js,04fb94c2,Clayton Hammen Tan,2025-04-30,13:35:28,-07:00,2025-04-30T13:35:28-07:00,0,21
projects/projects.js,19,js,04fb94c2,Clayton Hammen Tan,2025-04-30,13:35:28,-07:00,2025-04-30T13:35:28-07:00,0,2
projects/projects.js,20,js,4c2f41ed,Clayton Hammen Tan,2025-04-30,11:16:29,-07:00,2025-04-30T11:16:29-07:00,0,0
projects/projects.js,21,js,04fb94c2,Clayton Hammen Tan,2025-04-30,13:35:28,-07:00,2025-04-30T13:35:28-07:00,0,30
projects/projects.js,22,js,3765980f,Clayton Hammen Tan,2025-04-30,11:34:04,-07:00,2025-04-30T11:34:04-07:00,0,25
projects/projects.js,23,js,3765980f,Clayton Hammen Tan,2025-04-30,11:34:04,-07:00,2025-04-30T11:34:04-07:00,0,8
projects/projects.js,24,js,3765980f,Clayton Hammen Tan,2025-04-30,11:34:04,-07:00,2025-04-30T11:34:04-07:00,0,13
projects/projects.js,25,js,3765980f,Clayton Hammen Tan,2025-04-30,11:34:04,-07:00,2025-04-30T11:34:04-07:00,0,10
projects/projects.js,26,js,3765980f,Clayton Hammen Tan,2025-04-30,11:34:04,-07:00,2025-04-30T11:34:04-07:00,0,1
projects/projects.js,27,js,04fb94c2,Clayton Hammen Tan,2025-04-30,13:35:28,-07:00,2025-04-30T13:35:28-07:00,0,76
projects/projects.js,28,js,04fb94c2,Clayton Hammen Tan,2025-04-30,13:35:28,-07:00,2025-04-30T13:35:28-07:00,0,55
projects/projects.js,29,js,04fb94c2,Clayton Hammen Tan,2025-04-30,13:35:28,-07:00,2025-04-30T13:35:28-07:00,0,44
projects/projects.js,30,js,04fb94c2,Clayton Hammen Tan,2025-04-30,13:35:28,-07:00,2025-04-30T13:35:28-07:00,0,40
projects/projects.js,31,js,04fb94c2,Clayton Hammen Tan,2025-04-30,13:35:28,-07:00,2025-04-30T13:35:28-07:00,0,47
projects/projects.js,32,js,04fb94c2,Clayton Hammen Tan,2025-04-30,13:35:28,-07:00,2025-04-30T13:35:28-07:00,0,36
projects/projects.js,33,js,3765980f,Clayton Hammen Tan,2025-04-30,11:34:04,-07:00,2025-04-30T11:34:04-07:00,0,54
projects/projects.js,34,js,4e1ace94,Clayton Hammen Tan,2025-04-30,10:08:07,-07:00,2025-04-30T10:08:07-07:00,0,0
projects/projects.js,35,js,04fb94c2,Clayton Hammen Tan,2025-04-30,13:35:28,-07:00,2025-04-30T13:35:28-07:00,0,41
projects/projects.js,36,js,23ee9593,Clayton Hammen Tan,2025-04-30,11:52:24,-07:00,2025-04-30T11:52:24-07:00,0,30
projects/projects.js,37,js,23ee9593,Clayton Hammen Tan,2025-04-30,11:52:24,-07:00,2025-04-30T11:52:24-07:00,0,25
projects/projects.js,38,js,23ee9593,Clayton Hammen Tan,2025-04-30,11:52:24,-07:00,2025-04-30T11:52:24-07:00,0,31
projects/projects.js,39,js,23ee9593,Clayton Hammen Tan,2025-04-30,11:52:24,-07:00,2025-04-30T11:52:24-07:00,0,14
projects/projects.js,40,js,23ee9593,Clayton Hammen Tan,2025-04-30,11:52:24,-07:00,2025-04-30T11:52:24-07:00,0,27
projects/projects.js,41,js,23ee9593,Clayton Hammen Tan,2025-04-30,11:52:24,-07:00,2025-04-30T11:52:24-07:00,0,25
projects/projects.js,42,js,23ee9593,Clayton Hammen Tan,2025-04-30,11:52:24,-07:00,2025-04-30T11:52:24-07:00,0,27
projects/projects.js,43,js,4e1ace94,Clayton Hammen Tan,2025-04-30,10:08:07,-07:00,2025-04-30T10:08:07-07:00,0,0
projects/projects.js,44,js,23ee9593,Clayton Hammen Tan,2025-04-30,11:52:24,-07:00,2025-04-30T11:52:24-07:00,0,24
projects/projects.js,45,js,04fb94c2,Clayton Hammen Tan,2025-04-30,13:35:28,-07:00,2025-04-30T13:35:28-07:00,0,46
projects/projects.js,46,js,ad74c905,Clayton Hammen Tan,2025-04-30,10:28:18,-07:00,2025-04-30T10:28:18-07:00,0,0
projects/projects.js,47,js,04fb94c2,Clayton Hammen Tan,2025-04-30,13:35:28,-07:00,2025-04-30T13:35:28-07:00,0,20
projects/projects.js,48,js,04fb94c2,Clayton Hammen Tan,2025-04-30,13:35:28,-07:00,2025-04-30T13:35:28-07:00,0,69
projects/projects.js,49,js,23ee9593,Clayton Hammen Tan,2025-04-30,11:52:24,-07:00,2025-04-30T11:52:24-07:00,0,0
projects/projects.js,50,js,04fb94c2,Clayton Hammen Tan,2025-04-30,13:35:28,-07:00,2025-04-30T13:35:28-07:00,0,21
projects/projects.js,51,js,d751f45e,Clayton Hammen Tan,2025-04-30,13:19:05,-07:00,2025-04-30T13:19:05-07:00,0,69
projects/projects.js,52,js,04fb94c2,Clayton Hammen Tan,2025-04-30,13:35:28,-07:00,2025-04-30T13:35:28-07:00,0,0
projects/projects.js,53,js,04fb94c2,Clayton Hammen Tan,2025-04-30,13:35:28,-07:00,2025-04-30T13:35:28-07:00,0,21
projects/projects.js,54,js,8e8c23cf,Clayton Hammen Tan,2025-04-30,11:28:12,-07:00,2025-04-30T11:28:12-07:00,0,2
projects/projects.js,55,js,23ee9593,Clayton Hammen Tan,2025-04-30,11:52:24,-07:00,2025-04-30T11:52:24-07:00,0,2
projects/projects.js,56,js,23ee9593,Clayton Hammen Tan,2025-04-30,11:52:24,-07:00,2025-04-30T11:52:24-07:00,0,0
projects/projects.js,57,js,04fb94c2,Clayton Hammen Tan,2025-04-30,13:35:28,-07:00,2025-04-30T13:35:28-07:00,0,42
projects/projects.js,58,js,23ee9593,Clayton Hammen Tan,2025-04-30,11:52:24,-07:00,2025-04-30T11:52:24-07:00,0,31
projects/projects.js,59,js,23ee9593,Clayton Hammen Tan,2025-04-30,11:52:24,-07:00,2025-04-30T11:52:24-07:00,0,23
projects/projects.js,60,js,23ee9593,Clayton Hammen Tan,2025-04-30,11:52:24,-07:00,2025-04-30T11:52:24-07:00,0,31
projects/projects.js,61,js,04fb94c2,Clayton Hammen Tan,2025-04-30,13:35:28,-07:00,2025-04-30T13:35:28-07:00,0,25
projects/projects.js,62,js,04fb94c2,Clayton Hammen Tan,2025-04-30,13:35:28,-07:00,2025-04-30T13:35:28-07:00,0,41
projects/projects.js,63,js,04fb94c2,Clayton Hammen Tan,2025-04-30,13:35:28,-07:00,2025-04-30T13:35:28-07:00,0,26
projects/projects.js,64,js,04fb94c2,Clayton Hammen Tan,2025-04-30,13:35:28,-07:00,2025-04-30T13:35:28-07:00,0,70
projects/projects.js,65,js,23ee9593,Clayton Hammen Tan,2025-04-30,11:52:24,-07:00,2025-04-30T11:52:24-07:00,0,0
projects/projects.js,66,js,23ee9593,Clayton Hammen Tan,2025-04-30,11:52:24,-07:00,2025-04-30T11:52:24-07:00,0,23
projects/projects.js,67,js,04fb94c2,Clayton Hammen Tan,2025-04-30,13:35:28,-07:00,2025-04-30T13:35:28-07:00,0,46
projects/projects.js,68,js,3765980f,Clayton Hammen Tan,2025-04-30,11:34:04,-07:00,2025-04-30T11:34:04-07:00,0,0
projects/projects.js,69,js,04fb94c2,Clayton Hammen Tan,2025-04-30,13:35:28,-07:00,2025-04-30T13:35:28-07:00,0,20
projects/projects.js,70,js,04fb94c2,Clayton Hammen Tan,2025-04-30,13:35:28,-07:00,2025-04-30T13:35:28-07:00,0,69
projects/projects.js,71,js,23ee9593,Clayton Hammen Tan,2025-04-30,11:52:24,-07:00,2025-04-30T11:52:24-07:00,0,0
projects/projects.js,72,js,04fb94c2,Clayton Hammen Tan,2025-04-30,13:35:28,-07:00,2025-04-30T13:35:28-07:00,0,21
projects/projects.js,73,js,2b25e943,Clayton Hammen Tan,2025-04-30,13:03:51,-07:00,2025-04-30T13:03:51-07:00,0,69
projects/projects.js,74,js,04fb94c2,Clayton Hammen Tan,2025-04-30,13:35:28,-07:00,2025-04-30T13:35:28-07:00,0,0
projects/projects.js,75,js,04fb94c2,Clayton Hammen Tan,2025-04-30,13:35:28,-07:00,2025-04-30T13:35:28-07:00,0,21
projects/projects.js,76,js,23ee9593,Clayton Hammen Tan,2025-04-30,11:52:24,-07:00,2025-04-30T11:52:24-07:00,0,2
projects/projects.js,77,js,23ee9593,Clayton Hammen Tan,2025-04-30,11:52:24,-07:00,2025-04-30T11:52:24-07:00,0,2
projects/projects.js,78,js,04fb94c2,Clayton Hammen Tan,2025-04-30,13:35:28,-07:00,2025-04-30T13:35:28-07:00,0,0
projects/projects.js,79,js,04fb94c2,Clayton Hammen Tan,2025-04-30,13:35:28,-07:00,2025-04-30T13:35:28-07:00,0,48
projects/projects.js,80,js,04fb94c2,Clayton Hammen Tan,2025-04-30,13:35:28,-07:00,2025-04-30T13:35:28-07:00,0,49
projects/projects.js,81,js,04fb94c2,Clayton Hammen Tan,2025-04-30,13:35:28,-07:00,2025-04-30T13:35:28-07:00,0,0
projects/projects.js,82,js,04fb94c2,Clayton Hammen Tan,2025-04-30,13:35:28,-07:00,2025-04-30T13:35:28-07:00,0,0
projects/projects.js,83,js,04fb94c2,Clayton Hammen Tan,2025-04-30,13:35:28,-07:00,2025-04-30T13:35:28-07:00,0,56
projects/projects.js,84,js,61a8f792,Clayton Hammen Tan,2025-04-30,13:44:07,-07:00,2025-04-30T13:44:07-07:00,0,58
projects/projects.js,85,js,04fb94c2,Clayton Hammen Tan,2025-04-30,13:35:28,-07:00,2025-04-30T13:35:28-07:00,0,56
projects/projects.js,86,js,04fb94c2,Clayton Hammen Tan,2025-04-30,13:35:28,-07:00,2025-04-30T13:35:28-07:00,0,31
projects/projects.js,87,js,04fb94c2,Clayton Hammen Tan,2025-04-30,13:35:28,-07:00,2025-04-30T13:35:28-07:00,0,20
projects/projects.js,88,js,04fb94c2,Clayton Hammen Tan,2025-04-30,13:35:28,-07:00,2025-04-30T13:35:28-07:00,0,34
projects/projects.js,89,js,04fb94c2,Clayton Hammen Tan,2025-04-30,13:35:28,-07:00,2025-04-30T13:35:28-07:00,0,26
projects/projects.js,90,js,04fb94c2,Clayton Hammen Tan,2025-04-30,13:35:28,-07:00,2025-04-30T13:35:28-07:00,0,13
projects/projects.js,91,js,04fb94c2,Clayton Hammen Tan,2025-04-30,13:35:28,-07:00,2025-04-30T13:35:28-07:00,0,15
projects/projects.js,92,js,04fb94c2,Clayton Hammen Tan,2025-04-30,13:35:28,-07:00,2025-04-30T13:35:28-07:00,0,1
projects/projects.js,93,js,04fb94c2,Clayton Hammen Tan,2025-04-30,13:35:28,-07:00,2025-04-30T13:35:28-07:00,0,0
projects/projects.js,94,js,04fb94c2,Clayton Hammen Tan,2025-04-30,13:35:28,-07:00,2025-04-30T13:35:28-07:00,0,51
projects/projects.js,95,js,04fb94c2,Clayton Hammen Tan,2025-04-30,13:35:28,-07:00,2025-04-30T13:35:28-07:00,0,26
projects/projects.js,96,js,04fb94c2,Clayton Hammen Tan,2025-04-30,13:35:28,-07:00,2025-04-30T13:35:28-07:00,0,38
projects/projects.js,97,js,04fb94c2,Clayton Hammen Tan,2025-04-30,13:35:28,-07:00,2025-04-30T13:35:28-07:00,0,48
projects/projects.js,98,js,04fb94c2,Clayton Hammen Tan,2025-04-30,13:35:28,-07:00,2025-04-30T13:35:28-07:00,0,0
projects/projects.js,99,js,04fb94c2,Clayton Hammen Tan,2025-04-30,13:35:28,-07:00,2025-04-30T13:35:28-07:00,0,0
projects/projects.js,100,js,04fb94c2,Clayton Hammen Tan,2025-04-30,13:35:28,-07:00,2025-04-30T13:35:28-07:00,0,49
projects/projects.js,101,js,04fb94c2,Clayton Hammen Tan,2025-04-30,13:35:28,-07:00,2025-04-30T13:35:28-07:00,0,0
projects/projects.js,102,js,4c2f41ed,Clayton Hammen Tan,2025-04-30,11:16:29,-07:00,2025-04-30T11:16:29-07:00,0,4
projects/index.html,1,html,93e373e7,Clayton Hammen Tan,2025-04-02,21:39:31,+02:00,2025-04-02T21:39:31+02:00,0,14
projects/index.html,2,html,93e373e7,Clayton Hammen Tan,2025-04-02,21:39:31,+02:00,2025-04-02T21:39:31+02:00,0,15
projects/index.html,3,html,93e373e7,Clayton Hammen Tan,2025-04-02,21:39:31,+02:00,2025-04-02T21:39:31+02:00,0,5
projects/index.html,4,html,4e1ace94,Clayton Hammen Tan,2025-04-30,10:08:07,-07:00,2025-04-30T10:08:07-07:00,0,23
projects/index.html,5,html,4e1ace94,Clayton Hammen Tan,2025-04-30,10:08:07,-07:00,2025-04-30T10:08:07-07:00,0,70
projects/index.html,6,html,4e1ace94,Clayton Hammen Tan,2025-04-30,10:08:07,-07:00,2025-04-30T10:08:07-07:00,0,42
projects/index.html,7,html,286da394,Clayton Hammen Tan,2025-04-30,10:45:59,-07:00,2025-04-30T10:45:59-07:00,0,44
projects/index.html,8,html,93e373e7,Clayton Hammen Tan,2025-04-02,21:39:31,+02:00,2025-04-02T21:39:31+02:00,0,6
projects/index.html,9,html,788c46b6,Clayton Hammen Tan,2025-04-22,17:02:28,-07:00,2025-04-22T17:02:28-07:00,0,5
projects/index.html,10,html,ce081b59,Clayton Hammen Tan,2025-04-30,09:49:31,-07:00,2025-04-30T09:49:31-07:00,0,0
projects/index.html,11,html,4e1ace94,Clayton Hammen Tan,2025-04-30,10:08:07,-07:00,2025-04-30T10:08:07-07:00,0,13
projects/index.html,12,html,4e1ace94,Clayton Hammen Tan,2025-04-30,10:08:07,-07:00,2025-04-30T10:08:07-07:00,0,39
projects/index.html,13,html,ce081b59,Clayton Hammen Tan,2025-04-30,09:49:31,-07:00,2025-04-30T09:49:31-07:00,0,0
projects/index.html,14,html,4e1ace94,Clayton Hammen Tan,2025-04-30,10:08:07,-07:00,2025-04-30T10:08:07-07:00,0,26
projects/index.html,15,html,4e1ace94,Clayton Hammen Tan,2025-04-30,10:08:07,-07:00,2025-04-30T10:08:07-07:00,0,28
projects/index.html,16,html,4e1ace94,Clayton Hammen Tan,2025-04-30,10:08:07,-07:00,2025-04-30T10:08:07-07:00,0,3
projects/index.html,17,html,4e1ace94,Clayton Hammen Tan,2025-04-30,10:08:07,-07:00,2025-04-30T10:08:07-07:00,0,21
projects/index.html,18,html,4e1ace94,Clayton Hammen Tan,2025-04-30,10:08:07,-07:00,2025-04-30T10:08:07-07:00,0,24
projects/index.html,19,html,4e1ace94,Clayton Hammen Tan,2025-04-30,10:08:07,-07:00,2025-04-30T10:08:07-07:00,0,45
projects/index.html,20,html,4e1ace94,Clayton Hammen Tan,2025-04-30,10:08:07,-07:00,2025-04-30T10:08:07-07:00,0,6
projects/index.html,21,html,4e1ace94,Clayton Hammen Tan,2025-04-30,10:08:07,-07:00,2025-04-30T10:08:07-07:00,0,23
projects/index.html,22,html,4e1ace94,Clayton Hammen Tan,2025-04-30,10:08:07,-07:00,2025-04-30T10:08:07-07:00,0,5
projects/index.html,23,html,ce081b59,Clayton Hammen Tan,2025-04-30,09:49:31,-07:00,2025-04-30T09:49:31-07:00,0,0
projects/index.html,24,html,4e1ace94,Clayton Hammen Tan,2025-04-30,10:08:07,-07:00,2025-04-30T10:08:07-07:00,0,5
projects/index.html,25,html,4e1ace94,Clayton Hammen Tan,2025-04-30,10:08:07,-07:00,2025-04-30T10:08:07-07:00,0,16
projects/index.html,26,html,4e1ace94,Clayton Hammen Tan,2025-04-30,10:08:07,-07:00,2025-04-30T10:08:07-07:00,0,12
projects/index.html,27,html,4e1ace94,Clayton Hammen Tan,2025-04-30,10:08:07,-07:00,2025-04-30T10:08:07-07:00,0,27
projects/index.html,28,html,4e1ace94,Clayton Hammen Tan,2025-04-30,10:08:07,-07:00,2025-04-30T10:08:07-07:00,0,32
projects/index.html,29,html,4e1ace94,Clayton Hammen Tan,2025-04-30,10:08:07,-07:00,2025-04-30T10:08:07-07:00,0,1
projects/index.html,30,html,6a70d9b3,Clayton Hammen Tan,2025-04-30,09:37:25,-07:00,2025-04-30T09:37:25-07:00,0,0
projects/index.html,31,html,4e1ace94,Clayton Hammen Tan,2025-04-30,10:08:07,-07:00,2025-04-30T10:08:07-07:00,0,20
projects/index.html,32,html,4e1ace94,Clayton Hammen Tan,2025-04-30,10:08:07,-07:00,2025-04-30T10:08:07-07:00,0,66
projects/index.html,33,html,4e1ace94,Clayton Hammen Tan,2025-04-30,10:08:07,-07:00,2025-04-30T10:08:07-07:00,0,0
projects/index.html,34,html,4e1ace94,Clayton Hammen Tan,2025-04-30,10:08:07,-07:00,2025-04-30T10:08:07-07:00,0,15
projects/index.html,35,html,4e1ace94,Clayton Hammen Tan,2025-04-30,10:08:07,-07:00,2025-04-30T10:08:07-07:00,0,49
projects/index.html,36,html,4e1ace94,Clayton Hammen Tan,2025-04-30,10:08:07,-07:00,2025-04-30T10:08:07-07:00,0,50
projects/index.html,37,html,93e373e7,Clayton Hammen Tan,2025-04-02,21:39:31,+02:00,2025-04-02T21:39:31+02:00,0,6
projects/index.html,38,html,ce081b59,Clayton Hammen Tan,2025-04-30,09:49:31,-07:00,2025-04-30T09:49:31-07:00,0,6
meta/index.html,1,html,001f765e,Clayton Hammen Tan,2025-05-09,10:50:27,-07:00,2025-05-09T10:50:27-07:00,0,14
meta/index.html,2,html,001f765e,Clayton Hammen Tan,2025-05-09,10:50:27,-07:00,2025-05-09T10:50:27-07:00,0,15
meta/index.html,3,html,001f765e,Clayton Hammen Tan,2025-05-09,10:50:27,-07:00,2025-05-09T10:50:27-07:00,0,5
meta/index.html,4,html,0125fd19,Clayton Hammen Tan,2025-05-09,10:53:06,-07:00,2025-05-09T10:53:06-07:00,0,22
meta/index.html,5,html,0125fd19,Clayton Hammen Tan,2025-05-09,10:53:06,-07:00,2025-05-09T10:53:06-07:00,0,71
meta/index.html,6,html,0125fd19,Clayton Hammen Tan,2025-05-09,10:53:06,-07:00,2025-05-09T10:53:06-07:00,0,18
meta/index.html,7,html,0125fd19,Clayton Hammen Tan,2025-05-09,10:53:06,-07:00,2025-05-09T10:53:06-07:00,0,50
meta/index.html,8,html,001f765e,Clayton Hammen Tan,2025-05-09,10:50:27,-07:00,2025-05-09T10:50:27-07:00,0,6
meta/index.html,9,html,001f765e,Clayton Hammen Tan,2025-05-09,10:50:27,-07:00,2025-05-09T10:50:27-07:00,0,5
meta/index.html,10,html,00000000,Not Committed Yet,2025-05-09,11:04:21,-07:00,2025-05-09T11:04:21-07:00,0,12
meta/index.html,11,html,00000000,Not Committed Yet,2025-05-09,11:04:21,-07:00,2025-05-09T11:04:21-07:00,0,62
meta/index.html,12,html,00000000,Not Committed Yet,2025-05-09,11:04:21,-07:00,2025-05-09T11:04:21-07:00,0,57
meta/index.html,13,html,001f765e,Clayton Hammen Tan,2025-05-09,10:50:27,-07:00,2025-05-09T10:50:27-07:00,0,6
meta/index.html,14,html,001f765e,Clayton Hammen Tan,2025-05-09,10:50:27,-07:00,2025-05-09T10:50:27-07:00,0,6
contact/index.html,1,html,93e373e7,Clayton Hammen Tan,2025-04-02,21:39:31,+02:00,2025-04-02T21:39:31+02:00,0,14
contact/index.html,2,html,93e373e7,Clayton Hammen Tan,2025-04-02,21:39:31,+02:00,2025-04-02T21:39:31+02:00,0,15
contact/index.html,3,html,93e373e7,Clayton Hammen Tan,2025-04-02,21:39:31,+02:00,2025-04-02T21:39:31+02:00,0,5
contact/index.html,4,html,93e373e7,Clayton Hammen Tan,2025-04-02,21:39:31,+02:00,2025-04-02T21:39:31+02:00,0,21
contact/index.html,5,html,93e373e7,Clayton Hammen Tan,2025-04-02,21:39:31,+02:00,2025-04-02T21:39:31+02:00,0,69
contact/index.html,6,html,93e373e7,Clayton Hammen Tan,2025-04-02,21:39:31,+02:00,2025-04-02T21:39:31+02:00,0,41
contact/index.html,7,html,e80f58ab,Clayton Hammen Tan,2025-04-08,20:48:59,-07:00,2025-04-08T20:48:59-07:00,0,50
contact/index.html,8,html,93e373e7,Clayton Hammen Tan,2025-04-02,21:39:31,+02:00,2025-04-02T21:39:31+02:00,0,6
contact/index.html,9,html,ca7777aa,Clayton Hammen Tan,2025-04-16,10:44:53,-07:00,2025-04-16T10:44:53-07:00,0,5
contact/index.html,10,html,ca7777aa,Clayton Hammen Tan,2025-04-16,10:44:53,-07:00,2025-04-16T10:44:53-07:00,0,15
contact/index.html,11,html,1b76cab0,Clayton Hammen Tan,2025-04-16,11:28:51,-07:00,2025-04-16T11:28:51-07:00,0,72
contact/index.html,12,html,93e373e7,Clayton Hammen Tan,2025-04-02,21:39:31,+02:00,2025-04-02T21:39:31+02:00,0,6
contact/index.html,13,html,93e373e7,Clayton Hammen Tan,2025-04-02,21:39:31,+02:00,2025-04-02T21:39:31+02:00,0,5
contact/index.html,14,html,93e373e7,Clayton Hammen Tan,2025-04-02,21:39:31,+02:00,2025-04-02T21:39:31+02:00,0,41
contact/index.html,15,html,93e373e7,Clayton Hammen Tan,2025-04-02,21:39:31,+02:00,2025-04-02T21:39:31+02:00,0,7
contact/index.html,16,html,93e373e7,Clayton Hammen Tan,2025-04-02,21:39:31,+02:00,2025-04-02T21:39:31+02:00,0,3
contact/index.html,17,html,93e373e7,Clayton Hammen Tan,2025-04-02,21:39:31,+02:00,2025-04-02T21:39:31+02:00,0,6
contact/index.html,18,html,93e373e7,Clayton Hammen Tan,2025-04-02,21:39:31,+02:00,2025-04-02T21:39:31+02:00,0,7
contact/index.html,19,html,93e373e7,Clayton Hammen Tan,2025-04-02,21:39:31,+02:00,2025-04-02T21:39:31+02:00,0,21
contact/index.html,20,html,93e373e7,Clayton Hammen Tan,2025-04-02,21:39:31,+02:00,2025-04-02T21:39:31+02:00,0,7
contact/index.html,21,html,93e373e7,Clayton Hammen Tan,2025-04-02,21:39:31,+02:00,2025-04-02T21:39:31+02:00,0,3
contact/index.html,22,html,93e373e7,Clayton Hammen Tan,2025-04-02,21:39:31,+02:00,2025-04-02T21:39:31+02:00,0,6
contact/index.html,23,html,93e373e7,Clayton Hammen Tan,2025-04-02,21:39:31,+02:00,2025-04-02T21:39:31+02:00,0,7
contact/index.html,24,html,93e373e7,Clayton Hammen Tan,2025-04-02,21:39:31,+02:00,2025-04-02T21:39:31+02:00,0,32
contact/index.html,25,html,93e373e7,Clayton Hammen Tan,2025-04-02,21:39:31,+02:00,2025-04-02T21:39:31+02:00,0,7
contact/index.html,26,html,93e373e7,Clayton Hammen Tan,2025-04-02,21:39:31,+02:00,2025-04-02T21:39:31+02:00,0,3
contact/index.html,27,html,93e373e7,Clayton Hammen Tan,2025-04-02,21:39:31,+02:00,2025-04-02T21:39:31+02:00,0,22
contact/index.html,28,html,93e373e7,Clayton Hammen Tan,2025-04-02,21:39:31,+02:00,2025-04-02T21:39:31+02:00,0,6
contact/index.html,29,html,ca7777aa,Clayton Hammen Tan,2025-04-16,10:44:53,-07:00,2025-04-16T10:44:53-07:00,0,57
contact/index.html,30,html,93e373e7,Clayton Hammen Tan,2025-04-02,21:39:31,+02:00,2025-04-02T21:39:31+02:00,0,6
contact/index.html,31,html,93e373e7,Clayton Hammen Tan,2025-04-02,21:39:31,+02:00,2025-04-02T21:39:31+02:00,0,6
